source,series,code,title,country,year,survey_id,url,filename,size_bytes
MICS,MICS Report,AFG_2010_MICS_v01_M,Multiple Indicator Cluster Survey 2010-2011,Afghanistan,2010,AFG_2010_MICS_v01_M,http://www.childinfo.org/files/Afghanistan_2001-11_MICS_Final_Report.pdf,AFG_2010_MICS_v01_M_Afghanistan_2001-11_MICS_Final_Report.pdf,
MICS,MICS Report,AFG_2022_MICS_v01_M,Multiple Indicator Cluster Survey 2022-2023,Afghanistan,2022,AFG_2022_MICS_v01_M,https://mics-surveys-prod.s3.amazonaws.com/MICS6/South%20Asia/Afghanistan/2022-2023/Survey%20findings/Afghanistan%202022-23%20MICS%20Summary%20Findings%20Report.pdf,AFG_2022_MICS_v01_M_Afghanistan 2022-23 MICS Summary Findings Report.pdf,
MICS,MICS Report,ALB_2000_MICS_v01_M,Multiple Indicator Cluster Survey 2000,Albania,2000,ALB_2000_MICS_v01_M,https://microdata.worldbank.org//catalog/6/download/41,ALB_2000_MICS_v01_M_mics_final_report.pdf,
MICS,MICS Report,DZA_2012_MICS_v01_M,Enquête par Grappes à Indicateurs Multiples 2012-2013,Algeria,2012,DZA_2012_MICS_v01_M,https://microdata.worldbank.org//catalog/3482/download/46737,DZA_2012_MICS_v01_M_Algeria 2012-13 MICS_French.pdf,
MICS,MICS Report,ARG_2011_MICS_v01_M,Encuesta de Indicadores Múltiples por Conglomerados 2011-2012,Argentina,2011,ARG_2011_MICS_v01_M,https://microdata.worldbank.org//catalog/3000/download/41749,ARG_2011_MICS_v01_M_Argentina 2011-12 MICS_Spanish.pdf,
MICS,MICS Report,ARG_2019_MICS_v01_M,Multiple Indicator Cluster Survey 2019-2020,Argentina,2019,ARG_2019_MICS_v01_M,https://mics-surveys-prod.s3.amazonaws.com/MICS6/Latin%20America%20and%20Caribbean/Argentina/2019-2020/Survey%20findings/Argentina%202019-20%20MICS%20Survey%20Findings%20Report_Spanish.pdf,ARG_2019_MICS_v01_M_Argentina 2019-20 MICS Survey Findings Report_Spanish.pdf,
MICS,MICS Report,BGD_2012_MICS_v01_M,Multiple Indicator Cluster Survey 2012-2013,Bangladesh,2012,BGD_2012_MICS_v01_M,https://mics-surveys-prod.s3.amazonaws.com/MICS5/South%20Asia/Bangladesh/2012-2013/Final/Bangladesh%202012-13%20MICS%20Final%20Report_English.pdf,BGD_2012_MICS_v01_M_Bangladesh 2012-13 MICS Final Report_English.pdf,
MICS,MICS Report,BGD_2012_MICS_v01_M,Multiple Indicator Cluster Survey 2012-2013,Bangladesh,2012,BGD_2012_MICS_v01_M,https://mics-surveys-prod.s3.amazonaws.com/MICS5/South%20Asia/Bangladesh/2012-2013/Key%20findings/Bangladesh%202012-13%20MICS%20KFR_English.pdf,BGD_2012_MICS_v01_M_Bangladesh 2012-13 MICS KFR_English.pdf,
MICS,MICS Report,BRB_2012_MICS_v01_M,Multiple Indicator Cluster Survey 2012,Barbados,2012,BRB_2012_MICS_v01_M,https://mics-surveys-prod.s3.amazonaws.com/MICS4/Latin%20America%20and%20Caribbean/Barbados/2012/Final/Barbados%202012%20MICS_English.pdf,BRB_2012_MICS_v01_M_Barbados 2012 MICS_English.pdf,
MICS,MICS Report,BLR_2005_MICS_v01_M,Multiple Indicator Cluster Survey 2005,Belarus,2005,BLR_2005_MICS_v01_M,http://www.childinfo.org/files/MICS3_Belarus_FinalReport_2005_Eng.pdf,BLR_2005_MICS_v01_M_MICS3_Belarus_FinalReport_2005_Eng.pdf,
MICS,MICS Report,BLR_2005_MICS_v01_M,Multiple Indicator Cluster Survey 2005,Belarus,2005,BLR_2005_MICS_v01_M,http://www.childinfo.org/files/MICS3_Belarus_FinalReport_2005_Rus.pdf,BLR_2005_MICS_v01_M_MICS3_Belarus_FinalReport_2005_Rus.pdf,
MICS,MICS Report,BLR_2012_MICS_v01_M,Multiple Indicator Cluster Survey 2012,Belarus,2012,BLR_2012_MICS_v01_M,http://www.childinfo.org/files/MICS4_FinalReport_Belarus_Rus.pdf,BLR_2012_MICS_v01_M_MICS4_FinalReport_Belarus_Rus.pdf,
MICS,MICS Report,BLR_2012_MICS_v01_M,Multiple Indicator Cluster Survey 2012,Belarus,2012,BLR_2012_MICS_v01_M,http://www.childinfo.org/files/MICS4_PreliminaryReport_Belarus_Eng.pdf,BLR_2012_MICS_v01_M_MICS4_PreliminaryReport_Belarus_Eng.pdf,
MICS,MICS Report,BLR_2012_MICS_v01_M,Multiple Indicator Cluster Survey 2012,Belarus,2012,BLR_2012_MICS_v01_M,https://microdata.worldbank.org//catalog/2062/download/31618,BLR_2012_MICS_v01_M_MICS4_Preliminary_Report_Belarus_RUS_FINAL.pdf,
MICS,MICS Report,BLZ_2006_MICS_v01_M,Multiple Indicator Cluster Survey 2006,Belize,2006,BLZ_2006_MICS_v01_M,https://microdata.worldbank.org//catalog/3500/download/46868,BLZ_2006_MICS_v01_M_Notes_on_report_MICS3_Belize_2006.pdf,
MICS,MICS Report,BLZ_2011_MICS_v01_M,Multiple Indicator Cluster Survey 2011,Belize,2011,BLZ_2011_MICS_v01_M,http://www.childinfo.org/files/MICS4_Belize_FinalReport_2011_Eng.pdf,BLZ_2011_MICS_v01_M_MICS4_Belize_FinalReport_2011_Eng.pdf,
MICS,MICS Report,BLZ_2015_MICS_v01_M,Multiple Indicator Cluster Survey 2015-2016,Belize,2015,BLZ_2015_MICS_v01_M,https://mics-surveys-prod.s3.amazonaws.com/MICS5/Latin%20America%20and%20Caribbean/Belize/2015-2016/Key%20findings/Belize%202015-16%20MICS%20KFR_English.pdf,BLZ_2015_MICS_v01_M_Belize 2015-16 MICS KFR_English.pdf,
MICS,MICS Report,BEN_2014_MICS_v01_M,Enquête par Grappes à Indicateurs Multiples 2014,Benin,2014,BEN_2014_MICS_v01_M,https://microdata.worldbank.org//catalog/3422/download/46203,BEN_2014_MICS_v01_M_Benin 2014 MICS FR_French.pdf,
MICS,MICS Report,BEN_2014_MICS_v01_M,Enquête par Grappes à Indicateurs Multiples 2014,Benin,2014,BEN_2014_MICS_v01_M,https://microdata.worldbank.org//catalog/3422/download/46204,BEN_2014_MICS_v01_M_Benin 2014 MICS KFR_French.pdf,
MICS,MICS Report,BTN_2010_MICS_v01_M,Multiple Indicator Cluster Survey 2010,Bhutan,2010,BTN_2010_MICS_v01_M,http://www.childinfo.org/files/MICS_Bhutan_2010.pdf,BTN_2010_MICS_v01_M_MICS_Bhutan_2010.pdf,
MICS,MICS Report,BIH_2006_MICS_v01_M,Multiple Indicator Cluster Survey 2006,Bosnia-Herzegovina,2006,BIH_2006_MICS_v01_M,http://www.childinfo.org/files/MICS3_BiH_FinalReport_2006_Bos.pdf,BIH_2006_MICS_v01_M_MICS3_BiH_FinalReport_2006_Bos.pdf,
MICS,MICS Report,BIH_2006_MICS_v01_M,Multiple Indicator Cluster Survey 2006,Bosnia-Herzegovina,2006,BIH_2006_MICS_v01_M,http://www.childinfo.org/files/MICS3_BiH_FinalReport_2006_Eng.pdf,BIH_2006_MICS_v01_M_MICS3_BiH_FinalReport_2006_Eng.pdf,
MICS,MICS Report,BIH_2011_MICS-RS_v01_M,Multiple Indicator Cluster Survey 2011 - Roma Settlements,Bosnia-Herzegovina,2011,BIH_2011_MICS-RS_v01_M,http://www.childinfo.org/files/MICS4_BiH_RomaSurvey_FinalReport_2011-12_Eng.pdf,BIH_2011_MICS-RS_v01_M_MICS4_BiH_RomaSurvey_FinalReport_2011-12_Eng.pdf,
MICS,MICS Report,BIH_2011_MICS-RS_v01_M,Multiple Indicator Cluster Survey 2011 - Roma Settlements,Bosnia-Herzegovina,2011,BIH_2011_MICS-RS_v01_M,http://www.childinfo.org/files/MICS4_BiH_RomaSurvey_FinalReport_2011-12_Loc.pdf,BIH_2011_MICS-RS_v01_M_MICS4_BiH_RomaSurvey_FinalReport_2011-12_Loc.pdf,
MICS,MICS Report,BIH_2011_MICS_v01_M,Multiple Indicator Cluster Survey 2011,Bosnia-Herzegovina,2011,BIH_2011_MICS_v01_M,http://www.childinfo.org/files/MICS4_BiH_FinalReport_2011-12_Eng.pdf,BIH_2011_MICS_v01_M_MICS4_BiH_FinalReport_2011-12_Eng.pdf,
MICS,MICS Report,BIH_2011_MICS_v01_M,Multiple Indicator Cluster Survey 2011,Bosnia-Herzegovina,2011,BIH_2011_MICS_v01_M,http://www.childinfo.org/files/MICS4_BiH_FinalReport_2011-12_Loc.pdf,BIH_2011_MICS_v01_M_MICS4_BiH_FinalReport_2011-12_Loc.pdf,
MICS,MICS Report,BWA_2000_MICS_v01_M,"Multiple Indicator Cluster Survey 2000, Round 2",Botswana,2000,BWA_2000_MICS_v01_M,https://mics-surveys-prod.s3.amazonaws.com/MICS2/Eastern%20and%20Southern%20Africa/Botswana/2000/Final/Botswana%202000%20MICS_English.pdf,BWA_2000_MICS_v01_M_Botswana 2000 MICS_English.pdf,
MICS,MICS Report,CMR_2014_MICS_v01_M,Enquête par Grappes à Indicateurs Multiples 2014,Cameroon,2014,CMR_2014_MICS_v01_M,https://microdata.worldbank.org//catalog/2895/download/40772,CMR_2014_MICS_v01_M_Cameroon 2014 MICS KFR_French.pdf,
MICS,MICS Report,CMR_2014_MICS_v01_M,Enquête par Grappes à Indicateurs Multiples 2014,Cameroon,2014,CMR_2014_MICS_v01_M,https://microdata.worldbank.org//catalog/2895/download/40773,CMR_2014_MICS_v01_M_Cameroon 2014 MICS_French.pdf,
MICS,MICS Report,CAF_2010_MICS_v01_M,Enquête par Grappes à Indicateurs Multiples 2010,Central African Republic,2010,CAF_2010_MICS_v01_M,https://microdata.worldbank.org//catalog/2000/download/30585,CAF_2010_MICS_v01_M_MICS4_CAR_FinalReport_2010_Fr.pdf,
MICS,MICS Report,CAF_2010_MICS_v01_M,Enquête par Grappes à Indicateurs Multiples 2010,Central African Republic,2010,CAF_2010_MICS_v01_M,https://microdata.worldbank.org//catalog/2000/download/30586,CAF_2010_MICS_v01_M_MICS4_CAR_SummaryReport_2010_Fr.pdf,
MICS,MICS Report,TCD_2010_MICS_v01_M,Enquête par Grappes à Indicateurs Multiples 2010,Chad,2010,TCD_2010_MICS_v01_M,https://microdata.worldbank.org//catalog/1969/download/30141,TCD_2010_MICS_v01_M_MICS4_Chad_2010_FinalReport_Fr.pdf,
MICS,MICS Report,TCD_2010_MICS_v01_M,Enquête par Grappes à Indicateurs Multiples 2010,Chad,2010,TCD_2010_MICS_v01_M,https://microdata.worldbank.org//catalog/1969/download/30142,TCD_2010_MICS_v01_M_MICS4_Chad_2010_SummaryReport_Fr.pdf,
MICS,MICS Report,TCD_2019_MICS_v01_M,"Multiple Indicator Cluster Survey 2019, Round 6",Chad,2019,TCD_2019_MICS_v01_M,https://mics-surveys-prod.s3.amazonaws.com/MICS6/West%20and%20Central%20Africa/Chad/2019/Survey%20findings/Chad%202019%20MICS%20Survey%20Findings%20Report_French.pdf,TCD_2019_MICS_v01_M_Chad 2019 MICS Survey Findings Report_French.pdf,
MICS,MICS Report,COD_2010_MICS_v01_M,Enquête Par Grappes à Indicateurs Multiples 2010,"Congo, Dem. Rep.",2010,COD_2010_MICS_v01_M,http://www.childinfo.org/files/MICS-RDC_2010_Final_Report_FR.pdf,COD_2010_MICS_v01_M_MICS-RDC_2010_Final_Report_FR.pdf,
MICS,MICS Report,COD_2010_MICS_v01_M,Enquête Par Grappes à Indicateurs Multiples 2010,"Congo, Dem. Rep.",2010,COD_2010_MICS_v01_M,http://www.childinfo.org/files/MICS-RDC_2010_Summary_Report_EN.pdf,COD_2010_MICS_v01_M_MICS-RDC_2010_Summary_Report_EN.pdf,
MICS,MICS Report,COD_2010_MICS_v01_M,Enquête Par Grappes à Indicateurs Multiples 2010,"Congo, Dem. Rep.",2010,COD_2010_MICS_v01_M,http://www.childinfo.org/files/MICS-RDC_2010_Summary_Report_FR.pdf,COD_2010_MICS_v01_M_MICS-RDC_2010_Summary_Report_FR.pdf,
MICS,MICS Report,COD_2017_MICS_v01_M,"Multiple Indicator Cluster Survey 2017-2018, Round 6","Congo, Dem. Rep.",2017,COD_2017_MICS_v01_M,https://mics-surveys-prod.s3.amazonaws.com/MICS6/West%20and%20Central%20Africa/Congo%2C%20Democratic%20Republic%20of%20the/2017-2018/Snapshots/Congo%2C%20Democratic%20Republic%20of%20the%2C%202017-18%20MICS%20Snapshots_French.pdf,"COD_2017_MICS_v01_M_Congo, Democratic Republic of the, 2017-18 MICS Snapshots_French.pdf",
MICS,MICS Report,COG_2014_MICS_v01_M,Enquête par Grappes à Indicateurs Multiples 2014-2015,"Congo, Rep.",2014,COG_2014_MICS_v01_M,https://microdata.worldbank.org//catalog/3481/download/46731,COG_2014_MICS_v01_M_Congo 2014-15 MICS KFR_French.pdf,
MICS,MICS Report,COG_2014_MICS_v01_M,Enquête par Grappes à Indicateurs Multiples 2014-2015,"Congo, Rep.",2014,COG_2014_MICS_v01_M,https://microdata.worldbank.org//catalog/3481/download/46732,COG_2014_MICS_v01_M_Congo 2014-15 MICS_French.pdf,
MICS,MICS Report,CRI_2011_MICS_v01_M,Encuesta de Indicadores Múltiples por Conglomerados 2011,Costa Rica,2011,CRI_2011_MICS_v01_M,https://microdata.worldbank.org//catalog/3398/download/45894,CRI_2011_MICS_v01_M_Costa Rica 2011 MICS_Spanish.pdf,
MICS,MICS Report,CUB_2006_MICS_v01_M,Encuesta de Indicadores Múltiples por Conglomerados 2006,Cuba,2006,CUB_2006_MICS_v01_M,http://www.childinfo.org/files/MICS3_Cuba_FinalReport_2006_Sp.pdf,CUB_2006_MICS_v01_M_MICS3_Cuba_FinalReport_2006_Sp.pdf,
MICS,MICS Report,CUB_2010_MICS_v01_M,Encuesta de Indicadores Múltiples por Conglomerados 2010-2011,Cuba,2010,CUB_2010_MICS_v01_M,http://www.childinfo.org/files/MICS4_Cuba_FinalReport_Sp.pdf,CUB_2010_MICS_v01_M_MICS4_Cuba_FinalReport_Sp.pdf,
MICS,MICS Report,CUB_2014_MICS_v01_M,Encuesta de Indicadores Múltiples por Conglomerados 2014,Cuba,2014,CUB_2014_MICS_v01_M,https://microdata.worldbank.org//catalog/2590/download/45686,CUB_2014_MICS_v01_M_Cuba 2014 MICS KFR_Spanish.pdf,
MICS,MICS Report,CUB_2014_MICS_v01_M,Encuesta de Indicadores Múltiples por Conglomerados 2014,Cuba,2014,CUB_2014_MICS_v01_M,https://microdata.worldbank.org//catalog/2590/download/45687,CUB_2014_MICS_v01_M_Cuba 2014 MICS_Spanish.pdf,
MICS,MICS Report,CUB_2019_MICS_v01_M,"Multiple Indicator Cluster Survey 2019, Round 6",Cuba,2019,CUB_2019_MICS_v01_M,https://mics-surveys-prod.s3.amazonaws.com/MICS6/Latin%20America%20and%20Caribbean/Cuba/2019/Survey%20findings/Cuba%202019%20MICS%20SFR_Spanish.pdf,CUB_2019_MICS_v01_M_Cuba 2019 MICS SFR_Spanish.pdf,
MICS,MICS Report,CIV_2006_MICS_v01_M,Enquête par Grappes à Indicateurs Multiples 2006,Côte d'Ivoire,2006,CIV_2006_MICS_v01_M,http://www.childinfo.org/files/MICS3_CotedIvoire_FinalReport_2006_Fr.pdf,CIV_2006_MICS_v01_M_MICS3_CotedIvoire_FinalReport_2006_Fr.pdf,
MICS,MICS Report,CIV_2016_MICS_v01_M,Enquête par Grappes à Indicateurs Multiples 2016,Côte d'Ivoire,2016,CIV_2016_MICS_v01_M,https://microdata.worldbank.org//catalog/3423/download/46206,CIV_2016_MICS_v01_M_Cote d&#039;Ivoire 2016 MICS_French.pdf,
MICS,MICS Report,DJI_2006_MICS_v01_M,Enquête Djiboutienne à Indicateurs Multiples 2006,Djibouti,2006,DJI_2006_MICS_v01_M,http://www.childinfo.org/files/MICS3_Djibouti_FinalReport_2006_Fr.pdf,DJI_2006_MICS_v01_M_MICS3_Djibouti_FinalReport_2006_Fr.pdf,
MICS,MICS Report,DOM_2014_MICS_v01_M,Encuesta de Indicadores Múltiples por Conglomerados 2014,Dominican Republic,2014,DOM_2014_MICS_v01_M,https://microdata.worldbank.org//catalog/2779/download/39527,DOM_2014_MICS_v01_M_Dominican Republic 2014 MICS KFR_Spanish.pdf,
MICS,MICS Report,DOM_2014_MICS_v01_M,Encuesta de Indicadores Múltiples por Conglomerados 2014,Dominican Republic,2014,DOM_2014_MICS_v01_M,https://microdata.worldbank.org//catalog/2779/download/39528,DOM_2014_MICS_v01_M_Dominican Republic 2014 MICS_Spanish.pdf,
MICS,MICS Report,DOM_2019_MICS_v01_M,Multiple Indicator Cluster Survey 2019,Dominican Republic,2019,DOM_2019_MICS_v01_M,https://mics-surveys-prod.s3.amazonaws.com/MICS6/Latin%20America%20and%20Caribbean/Dominican%20Republic/2019/Survey%20findings/Dominican%20Republic%202019%20MICS%20Survey%20Findings%20Report_Spanish.pdf,DOM_2019_MICS_v01_M_Dominican Republic 2019 MICS Survey Findings Report_Spanish.pdf,
MICS,MICS Report,EGY_2013_MICS_v01_M,Multiple Indicator Cluster Survey 2013-2014,"Egypt, Arab Rep.",2013,EGY_2013_MICS_v01_M,https://mics-surveys-prod.s3.amazonaws.com/MICS5/Middle%20East%20and%20North%20Africa/Egypt%20%28Sub-national%29/2013-2014/Key%20findings/Egypt%20%28Sub-National%29%202013-14%20MICS%20%20KFR_English.pdf,EGY_2013_MICS_v01_M_Egypt (Sub-National) 2013-14 MICS  KFR_English.pdf,
MICS,MICS Report,EGY_2013_MICS_v01_M,Multiple Indicator Cluster Survey 2013-2014,"Egypt, Arab Rep.",2013,EGY_2013_MICS_v01_M,https://mics-surveys-prod.s3.amazonaws.com/MICS5/Middle%20East%20and%20North%20Africa/Egypt%20%28Sub-national%29/2013-2014/Final/Egypt%20%28Sub-national%29%202013-14%20MICS_English.pdf,EGY_2013_MICS_v01_M_Egypt (Sub-national) 2013-14 MICS_English.pdf,
MICS,MICS Report,SLV_2014_MICS_v01_M,Encuesta de Indicadores Múltiples por Conglomerados 2014,El Salvador,2014,SLV_2014_MICS_v01_M,https://microdata.worldbank.org//catalog/2780/download/39532,SLV_2014_MICS_v01_M_El Salvador 2014 MICS Final Report_Spanish.pdf,
MICS,MICS Report,SLV_2014_MICS_v01_M,Encuesta de Indicadores Múltiples por Conglomerados 2014,El Salvador,2014,SLV_2014_MICS_v01_M,https://microdata.worldbank.org//catalog/2780/download/39531,SLV_2014_MICS_v01_M_El Salvador 2014 MICS KFR_Spanish.pdf,
MICS,MICS Report,SWZ_2010_MICS_v01_M,Multiple Indicator Cluster Survey 2010,Eswatini,2010,SWZ_2010_MICS_v01_M,http://www.childinfo.org/files/MICS4_Swaziland_FinalReport_2010_Eng.pdf,SWZ_2010_MICS_v01_M_MICS4_Swaziland_FinalReport_2010_Eng.pdf,
MICS,MICS Report,SWZ_2014_MICS_v01_M,Multiple Indicator Cluster Survey 2014,Eswatini,2014,SWZ_2014_MICS_v01_M,https://microdata.worldbank.org//catalog/3406/download/45979,SWZ_2014_MICS_v01_M_Swaziland 2014 MICS Final Report_English.pdf,
MICS,MICS Report,SWZ_2014_MICS_v01_M,Multiple Indicator Cluster Survey 2014,Eswatini,2014,SWZ_2014_MICS_v01_M,https://microdata.worldbank.org//catalog/3406/download/45978,SWZ_2014_MICS_v01_M_Swaziland 2014 MICS KFR_English.pdf,
MICS,MICS Report,FJI_2021_MICS_v01_M,Multiple Indicator Cluster Survey 2021,Fiji,2021,FJI_2021_MICS_v01_M,https://mics-surveys-prod.s3.amazonaws.com/MICS6/East%20Asia%20and%20the%20Pacific/Fiji/2021/Preliminary%20report/Fiji%202021%20MICS%20Preliminary%20Report_English.pdf,FJI_2021_MICS_v01_M_Fiji 2021 MICS Preliminary Report_English.pdf,
MICS,MICS Report,FJI_2021_MICS_v01_M,Multiple Indicator Cluster Survey 2021,Fiji,2021,FJI_2021_MICS_v01_M,https://mics-surveys-prod.s3.amazonaws.com/MICS6/East%20Asia%20and%20the%20Pacific/Fiji/2021/Snapshots/Fiji%202021%20MICS%20Snapshot%20of%20Key%20Findings_English.pdf,FJI_2021_MICS_v01_M_Fiji 2021 MICS Snapshot of Key Findings_English.pdf,
MICS,MICS Report,FJI_2021_MICS_v01_M,Multiple Indicator Cluster Survey 2021,Fiji,2021,FJI_2021_MICS_v01_M,https://mics-surveys-prod.s3.amazonaws.com/MICS6/East%20Asia%20and%20the%20Pacific/Fiji/2021/Survey%20findings/Fiji%202021%20MICS_English.pdf,FJI_2021_MICS_v01_M_Fiji 2021 MICS_English.pdf,
MICS,MICS Report,GMB_2005_MICS_v01_M,Multiple Indicator Cluster Survey 2005-2006,Gambia,2005,GMB_2005_MICS_v01_M,http://www.childinfo.org/files/MICS3_Gambia_FinalReport_2005-06_Eng.pdf,GMB_2005_MICS_v01_M_MICS3_Gambia_FinalReport_2005-06_Eng.pdf,
MICS,MICS Report,GMB_2018_MICS_v01_M,"Multiple Indicator Cluster Survey 2018, Round 6",Gambia,2018,GMB_2018_MICS_v01_M,https://mics-surveys-prod.s3.amazonaws.com/MICS6/West%20and%20Central%20Africa/Gambia/2018/Snapshots/The%20Gambia%202018%20MICS%20Statistical%20Snapshots_English.pdf,GMB_2018_MICS_v01_M_The Gambia 2018 MICS Statistical Snapshots_English.pdf,
MICS,MICS Report,GEO_2005_MICS_v01_M,Multiple Indicator Cluster Survey 2005,Georgia,2005,GEO_2005_MICS_v01_M,http://www.childinfo.org/files/MICS3_Georgia_FinalReport_2005_Eng.pdf,GEO_2005_MICS_v01_M_MICS3_Georgia_FinalReport_2005_Eng.pdf,
MICS,MICS Report,GEO_2005_MICS_v01_M,Multiple Indicator Cluster Survey 2005,Georgia,2005,GEO_2005_MICS_v01_M,http://www.childinfo.org/files/MICS3_Georgia_FinalReport_2005_Geo.pdf,GEO_2005_MICS_v01_M_MICS3_Georgia_FinalReport_2005_Geo.pdf,
MICS,MICS Report,GHA_2010_MICS-ACC_v01_M,Multiple Indicator Cluster Survey 2010 - Accra,Ghana,2010,GHA_2010_MICS-ACC_v01_M,https://mics-surveys-prod.s3.amazonaws.com/MICS4/West%20and%20Central%20Africa/Ghana%20%28Accra%29/2010-2011/Final/Ghana%20%28Accra%29%202010-11%20MICS_English.pdf,GHA_2010_MICS-ACC_v01_M_Ghana (Accra) 2010-11 MICS_English.pdf,
MICS,MICS Report,GHA_2011_MICS_v01_M,Multiple Indicator Cluster Survey 2011,Ghana,2011,GHA_2011_MICS_v01_M,http://www.childinfo.org/files/Ghana_2011_MICS_Final_Report.pdf,GHA_2011_MICS_v01_M_Ghana_2011_MICS_Final_Report.pdf,
MICS,MICS Report,GHA_2011_MICS_v01_M,Multiple Indicator Cluster Survey 2011,Ghana,2011,GHA_2011_MICS_v01_M,http://www.childinfo.org/files/Ghana_2011_MICS_Summary_Report.pdf,GHA_2011_MICS_v01_M_Ghana_2011_MICS_Summary_Report.pdf,
MICS,MICS Report,GHA_2017_MICS_v01_M,"Multiple Indicator Cluster Survey 2017-2018, Round 6",Ghana,2017,GHA_2017_MICS_v01_M,https://mics-surveys-prod.s3.amazonaws.com/MICS6/West%20and%20Central%20Africa/Ghana/2017-2018/Snapshots/Ghana%202017-18%20MICS%20Statistical%20Snapshots_English.pdf,GHA_2017_MICS_v01_M_Ghana 2017-18 MICS Statistical Snapshots_English.pdf,
MICS,MICS Report,GIN_2016_MICS_v01_M,Enquête par Grappes à Indicateurs Multiples 2016,Guinea,2016,GIN_2016_MICS_v01_M,https://microdata.worldbank.org//catalog/3483/download/46742,GIN_2016_MICS_v01_M_Guinea 2016 MICS_French.pdf,
MICS,MICS Report,GNB_2014_MICS_v01_M,Inquérito aos Indicadores Múltiplos 2014,Guinea-Bissau,2014,GNB_2014_MICS_v01_M,https://microdata.worldbank.org//catalog/2781/download/39540,GNB_2014_MICS_v01_M_Guinea-Bissau 2014 MICS Final Report_Portuguese.pdf,
MICS,MICS Report,GNB_2014_MICS_v01_M,Inquérito aos Indicadores Múltiplos 2014,Guinea-Bissau,2014,GNB_2014_MICS_v01_M,https://microdata.worldbank.org//catalog/2781/download/39539,GNB_2014_MICS_v01_M_Guinea-Bissau 2014 MICS KFR_Portuguese.pdf,
MICS,MICS Report,GNB_2018_MICS_v01_M,"Multiple Indicator Cluster Survey 2018-2019, Round 6",Guinea-Bissau,2018,GNB_2018_MICS_v01_M,https://mics-surveys-prod.s3.amazonaws.com/MICS6/West%20and%20Central%20Africa/Guinea-Bissau/2018-2019/Snapshots/Guinea%20Bissau%202018-19%20MICS%20Statistical%20Snapshots_Portuguese.pdf,GNB_2018_MICS_v01_M_Guinea Bissau 2018-19 MICS Statistical Snapshots_Portuguese.pdf,
MICS,MICS Report,GUY_2014_MICS_v01_M,Multiple Indicator Cluster Survey 2014,Guyana,2014,GUY_2014_MICS_v01_M,https://mics-surveys-prod.s3.amazonaws.com/MICS5/Latin%20America%20and%20Caribbean/Guyana/2014/Key%20findings/Guyana%202014%20MICS%20KFR_English.pdf,GUY_2014_MICS_v01_M_Guyana 2014 MICS KFR_English.pdf,
MICS,MICS Report,GUY_2014_MICS_v01_M,Multiple Indicator Cluster Survey 2014,Guyana,2014,GUY_2014_MICS_v01_M,https://mics-surveys-prod.s3.amazonaws.com/MICS5/Latin%20America%20and%20Caribbean/Guyana/2014/Final/Guyana%202014%20MICS_English.pdf,GUY_2014_MICS_v01_M_Guyana 2014 MICS_English.pdf,
MICS,MICS Report,HND_2019_MICS_v01_M,Multiple Indicator Cluster Survey 2019,Honduras,2019,HND_2019_MICS_v01_M,https://mics-surveys-prod.s3.amazonaws.com/MICS6/Latin%20America%20and%20Caribbean/Honduras/2019/Survey%20findings/Honduras%202019%20MICS%20Survey%20Findings%20Report_Spanish.pdf,HND_2019_MICS_v01_M_Honduras 2019 MICS Survey Findings Report_Spanish.pdf,
MICS,MICS Report,IDN_2011_MICS-SDP_v01_M,Multiple Indicator Cluster Survey 2011 - Selected Districts of Papua,Indonesia,2011,IDN_2011_MICS-SDP_v01_M,http://www.childinfo.org/files/MICS4_Indonesia_Selected_Districts_of_Papua_Province_Final_Report_2011.pdf,IDN_2011_MICS-SDP_v01_M_MICS4_Indonesia_Selected_Districts_of_Papua_Province_Final_Report_2011.pdf,
MICS,MICS Report,IDN_2011_MICS-SDWP_v01_M,Multiple Indicator Cluster Survey 2011 - Selected Districts of West Papua,Indonesia,2011,IDN_2011_MICS-SDWP_v01_M,http://www.childinfo.org/files/MICS4_Indonesia_Selected_Districts_of_West_Papua_Province_Final_Report_2011.pdf,IDN_2011_MICS-SDWP_v01_M_MICS4_Indonesia_Selected_Districts_of_West_Papua_Province_Final_Report_2011.pdf,
MICS,MICS Report,IRQ_2006_MICS_v01_M,Multiple Indicator Cluster Survey 2006,Iraq,2006,IRQ_2006_MICS_v01_M,http://www.childinfo.org/files/MICS3_Iraq_FinalReport_2006_eng.pdf,IRQ_2006_MICS_v01_M_MICS3_Iraq_FinalReport_2006_eng.pdf,
MICS,MICS Report,IRQ_2011_MICS_v01_M,Multiple Indicator Cluster Survey 2011,Iraq,2011,IRQ_2011_MICS_v01_M,https://microdata.worldbank.org//catalog/1989/download/30394,IRQ_2011_MICS_v01_M_MICS4_Iraq_FinalReport_2011_Eng.pdf,
MICS,MICS Report,IRQ_2018_MICS_v01_M,Multiple Indicator Cluster Survey 2018,Iraq,2018,IRQ_2018_MICS_v01_M,https://microdata.worldbank.org//catalog/3495/download/46818,IRQ_2018_MICS_v01_M_Iraq 2018 MICS6 Survey Briefing_Arabic.pdf,
MICS,MICS Report,IRQ_2018_MICS_v01_M,Multiple Indicator Cluster Survey 2018,Iraq,2018,IRQ_2018_MICS_v01_M,https://microdata.worldbank.org//catalog/3495/download/46819,IRQ_2018_MICS_v01_M_Iraq 2018 MICS6 Survey Briefing_English.pdf,
MICS,MICS Report,IRQ_2018_MICS_v01_M,Multiple Indicator Cluster Survey 2018,Iraq,2018,IRQ_2018_MICS_v01_M,https://microdata.worldbank.org//catalog/3495/download/46817,IRQ_2018_MICS_v01_M_Iraq 2018 Survey Findings Report_Arabic.pdf,
MICS,MICS Report,IRQ_2018_MICS_v01_M,Multiple Indicator Cluster Survey 2018,Iraq,2018,IRQ_2018_MICS_v01_M,https://microdata.worldbank.org//catalog/3495/download/46816,IRQ_2018_MICS_v01_M_Iraq 2018 Survey Findings Report_English.pdf,
MICS,MICS Report,JAM_2005_MICS_v01_M,Multiple Indicator Cluster Survey 2005,Jamaica,2005,JAM_2005_MICS_v01_M,http://www.childinfo.org/files/MICS3_Jamaica_FinalReport_2005_Eng.pdf,JAM_2005_MICS_v01_M_MICS3_Jamaica_FinalReport_2005_Eng.pdf,
MICS,MICS Report,JAM_2011_MICS_v01_M,Multiple Indicator Cluster Survey 2011,Jamaica,2011,JAM_2011_MICS_v01_M,http://www.childinfo.org/files/MICS4_Jamaica_FinalReport_2011.pdf,JAM_2011_MICS_v01_M_MICS4_Jamaica_FinalReport_2011.pdf,
MICS,MICS Report,KAZ_2006_MICS_v01_M,Multiple Indicator Cluster Survey 2006,Kazakhstan,2006,KAZ_2006_MICS_v01_M,http://www.childinfo.org/files/MICS3_Kazakhstan_FinalReport_2006_Eng.pdf,KAZ_2006_MICS_v01_M_MICS3_Kazakhstan_FinalReport_2006_Eng.pdf,
MICS,MICS Report,KAZ_2006_MICS_v01_M,Multiple Indicator Cluster Survey 2006,Kazakhstan,2006,KAZ_2006_MICS_v01_M,http://www.childinfo.org/files/MICS3_Kazakhstan_FinalReport_2006_Rus.pdf,KAZ_2006_MICS_v01_M_MICS3_Kazakhstan_FinalReport_2006_Rus.pdf,
MICS,MICS Report,KAZ_2015_MICS_v01_M,Multiple Indicator Cluster Survey 2015,Kazakhstan,2015,KAZ_2015_MICS_v01_M,https://microdata.worldbank.org//catalog/3005/download/41954,KAZ_2015_MICS_v01_M_Kazakhstan 2015 MICS KFR_English.pdf,
MICS,MICS Report,KAZ_2015_MICS_v01_M,Multiple Indicator Cluster Survey 2015,Kazakhstan,2015,KAZ_2015_MICS_v01_M,https://microdata.worldbank.org//catalog/3005/download/41956,KAZ_2015_MICS_v01_M_Kazakhstan 2015 MICS KFR_Kazakh.pdf,
MICS,MICS Report,KAZ_2015_MICS_v01_M,Multiple Indicator Cluster Survey 2015,Kazakhstan,2015,KAZ_2015_MICS_v01_M,https://microdata.worldbank.org//catalog/3005/download/41955,KAZ_2015_MICS_v01_M_Kazakhstan 2015 MICS KFR_Russian.pdf,
MICS,MICS Report,KAZ_2015_MICS_v01_M,Multiple Indicator Cluster Survey 2015,Kazakhstan,2015,KAZ_2015_MICS_v01_M,https://microdata.worldbank.org//catalog/3005/download/41952,KAZ_2015_MICS_v01_M_Kazakhstan 2015 MICS_English.pdf,
MICS,MICS Report,KAZ_2015_MICS_v01_M,Multiple Indicator Cluster Survey 2015,Kazakhstan,2015,KAZ_2015_MICS_v01_M,https://microdata.worldbank.org//catalog/3005/download/41953,KAZ_2015_MICS_v01_M_Kazakhstan 2015 MICS_Russian.pdf,
MICS,MICS Report,KEN_2011_MICS-NP_v01_M,"Multiple Indicator Cluster Survey 2011, Nyanza Province",Kenya,2011,KEN_2011_MICS-NP_v01_M,https://microdata.worldbank.org//catalog/2660/download/38382,KEN_2011_MICS-NP_v01_M_Kenya (Nyanza Province) 2011 MICS_English.pdf,
MICS,MICS Report,KEN_2013_MICS-BC_v01_M,"Multiple Indicator Cluster Survey 2013-2014, Bungoma County",Kenya,2013,KEN_2013_MICS-BC_v01_M,https://microdata.worldbank.org//catalog/2658/download/38371,KEN_2013_MICS-BC_v01_M_Kenya (Bungoma County) 2013-14 MICS KFR_English.pdf,
MICS,MICS Report,KEN_2013_MICS-BC_v01_M,"Multiple Indicator Cluster Survey 2013-2014, Bungoma County",Kenya,2013,KEN_2013_MICS-BC_v01_M,https://microdata.worldbank.org//catalog/2658/download/38372,KEN_2013_MICS-BC_v01_M_Kenya (Bungoma County) 2013-14 MICS_English.pdf,
MICS,MICS Report,KEN_2013_MICS-KC_v01_M,"Multiple Indicator Cluster Survey 2013-2014, Kakamega County",Kenya,2013,KEN_2013_MICS-KC_v01_M,https://microdata.worldbank.org//catalog/2659/download/38378,KEN_2013_MICS-KC_v01_M_Kenya (Kakamega County) 2013-14 MICS KFR_English.pdf,
MICS,MICS Report,KEN_2013_MICS-KC_v01_M,"Multiple Indicator Cluster Survey 2013-2014, Kakamega County",Kenya,2013,KEN_2013_MICS-KC_v01_M,https://microdata.worldbank.org//catalog/2659/download/38379,KEN_2013_MICS-KC_v01_M_Kenya (Kakamega County) 2013-14 MICS_English.pdf,
MICS,MICS Report,KEN_2013_MICS-TC_v01_M,"Multiple Indicator Cluster Survey 2013-2014, Turkana County",Kenya,2013,KEN_2013_MICS-TC_v01_M,https://microdata.worldbank.org//catalog/2657/download/38361,KEN_2013_MICS-TC_v01_M_Kenya (Turkana County) 2013-14 MICS KFR_English.pdf,
MICS,MICS Report,KEN_2013_MICS-TC_v01_M,"Multiple Indicator Cluster Survey 2013-2014, Turkana County",Kenya,2013,KEN_2013_MICS-TC_v01_M,https://microdata.worldbank.org//catalog/2657/download/38365,KEN_2013_MICS-TC_v01_M_Kenya (Turkana County) 2013-14 MICS_English.pdf,
MICS,MICS Report,KIR_2018_MICS_v01_M,"Multiple Indicator Cluster Survey 2018-2019, Round 6",Kiribati,2018,KIR_2018_MICS_v01_M,https://mics-surveys-prod.s3.amazonaws.com/MICS6/East%20Asia%20and%20the%20Pacific/Kiribati/2018-2019/Snapshots/Kiribati%20MICS%20KSDIS%202018-19%20Statistical%20Snapshots_English.pdf,KIR_2018_MICS_v01_M_Kiribati MICS KSDIS 2018-19 Statistical Snapshots_English.pdf,
MICS,MICS Report,KSV_2013_MICS-RAEC_v01_M,"Multiple Indicator Cluster Survey 2013-2014, Roma, Ashkali and Egyptian Communities",Kosovo,2013,KSV_2013_MICS-RAEC_v01_M,https://microdata.worldbank.org//catalog/2537/download/36876,KSV_2013_MICS-RAEC_v01_M_A9RF8C8.pdf,
MICS,MICS Report,KSV_2013_MICS-RAEC_v01_M,"Multiple Indicator Cluster Survey 2013-2014, Roma, Ashkali and Egyptian Communities",Kosovo,2013,KSV_2013_MICS-RAEC_v01_M,https://microdata.worldbank.org//catalog/2537/download/36874,"KSV_2013_MICS-RAEC_v01_M_Kosovo (UNSCR 1244) (Roma, Ashkali, and Egyptian Communities) 2013-14 MICS_English.pdf",
MICS,MICS Report,KSV_2013_MICS-RAEC_v01_M,"Multiple Indicator Cluster Survey 2013-2014, Roma, Ashkali and Egyptian Communities",Kosovo,2013,KSV_2013_MICS-RAEC_v01_M,https://microdata.worldbank.org//catalog/2537/download/36875,"KSV_2013_MICS-RAEC_v01_M_Kosovo (UNSCR 1244) (Roma, Ashkali, and Egyptians) 2013-14 MICS Summary_English.pdf",
MICS,MICS Report,KSV_2013_MICS_v01_M,Multiple Indicator Cluster Survey 2013-2014,Kosovo,2013,KSV_2013_MICS_v01_M,https://microdata.worldbank.org//catalog/2536/download/36848,KSV_2013_MICS_v01_M_Kosovo (UNSCR 1244) 2013-14 MICS KFR_English.pdf,
MICS,MICS Report,KSV_2013_MICS_v01_M,Multiple Indicator Cluster Survey 2013-2014,Kosovo,2013,KSV_2013_MICS_v01_M,https://microdata.worldbank.org//catalog/2536/download/36847,KSV_2013_MICS_v01_M_Kosovo (UNSCR 1244) 2013-14 MICS Summary Report_English.pdf,
MICS,MICS Report,KSV_2013_MICS_v01_M,Multiple Indicator Cluster Survey 2013-2014,Kosovo,2013,KSV_2013_MICS_v01_M,https://mics-surveys-prod.s3.amazonaws.com/MICS5/Central%20and%20Eastern%20Europe%20and%20the%20Commonwealth%20of%20Independent%20States/Kosovo%20under%20UNSC%20res.%201244/2013-2014/Final/Kosovo%20%28UNSCR%201244%29%202013-14%20MICS_English.pdf,KSV_2013_MICS_v01_M_Kosovo (UNSCR 1244) 2013-14 MICS_English.pdf,
MICS,MICS Report,KGZ_2005_MICS_v01_M,Multiple Indicator Cluster Survey 2006,Kyrgyz Republic,2005,KGZ_2005_MICS_v01_M,http://www.childinfo.org/files/MICS3_Kyrgyzstan_FinalReport_2005-06_Eng.pdf,KGZ_2005_MICS_v01_M_MICS3_Kyrgyzstan_FinalReport_2005-06_Eng.pdf,
MICS,MICS Report,KGZ_2018_MICS_v01_M,Multiple Indicator Cluster Survey 2018,Kyrgyz Republic,2018,KGZ_2018_MICS_v01_M,https://microdata.worldbank.org//catalog/3494/download/46807,KGZ_2018_MICS_v01_M_Kyrgyzstan MICS 2018_English.pdf,
MICS,MICS Report,KGZ_2018_MICS_v01_M,Multiple Indicator Cluster Survey 2018,Kyrgyz Republic,2018,KGZ_2018_MICS_v01_M,https://microdata.worldbank.org//catalog/3494/download/46809,KGZ_2018_MICS_v01_M_Kyrgyzstan MICS 2018_Kyrgyz.pdf,
MICS,MICS Report,KGZ_2018_MICS_v01_M,Multiple Indicator Cluster Survey 2018,Kyrgyz Republic,2018,KGZ_2018_MICS_v01_M,https://microdata.worldbank.org//catalog/3494/download/46808,KGZ_2018_MICS_v01_M_Kyrgyzstan MICS 2018_Russian.pdf,
MICS,MICS Report,KGZ_2018_MICS_v01_M,Multiple Indicator Cluster Survey 2018,Kyrgyz Republic,2018,KGZ_2018_MICS_v01_M,https://microdata.worldbank.org//catalog/3494/download/46810,KGZ_2018_MICS_v01_M_Snapshot_English.pdf,
MICS,MICS Report,KGZ_2018_MICS_v01_M,Multiple Indicator Cluster Survey 2018,Kyrgyz Republic,2018,KGZ_2018_MICS_v01_M,https://microdata.worldbank.org//catalog/3494/download/46812,KGZ_2018_MICS_v01_M_Snapshot_Kyrgyz.pdf,
MICS,MICS Report,KGZ_2018_MICS_v01_M,Multiple Indicator Cluster Survey 2018,Kyrgyz Republic,2018,KGZ_2018_MICS_v01_M,https://microdata.worldbank.org//catalog/3494/download/46811,KGZ_2018_MICS_v01_M_Snapshot_Russian.pdf,
MICS,MICS Report,LAO_2000_MICS_v01_M,Multiple Indicator Cluster Survey 2000,Lao PDR,2000,LAO_2000_MICS_v01_M,http://www.childinfo.org/files/laopdr.pdf,LAO_2000_MICS_v01_M_laopdr.pdf,
MICS,MICS Report,LAO_2000_MICS_v01_M,Multiple Indicator Cluster Survey 2000,Lao PDR,2000,LAO_2000_MICS_v01_M,http://www.childinfo.org/files/laopdrtables.pdf,LAO_2000_MICS_v01_M_laopdrtables.pdf,
MICS,MICS Report,LAO_2006_MICS_v01_M,Multiple Indicator Cluster Survey 2006,Lao PDR,2006,LAO_2006_MICS_v01_M,http://www.childinfo.org/files/MICS3_Lao_FinalReport_2006_Eng.pdf,LAO_2006_MICS_v01_M_MICS3_Lao_FinalReport_2006_Eng.pdf,
MICS,MICS Report,LAO_2011_MICS-DHS_v01_M,Social Indicator Survey 2011-2012,Lao PDR,2011,LAO_2011_MICS-DHS_v01_M,http://www.childinfo.org/files/Lao_2011-12_MICS-DHS.pdf,LAO_2011_MICS-DHS_v01_M_Lao_2011-12_MICS-DHS.pdf,
MICS,MICS Report,LAO_2017_MICS-DHS_v01_M,Social Indicator Survey II 2017,Lao PDR,2017,LAO_2017_MICS-DHS_v01_M,https://microdata.worldbank.org//catalog/3401/download/45911,LAO_2017_MICS-DHS_v01_M_Lao PDR 2017 Survey Findings Report_English.pdf,
MICS,MICS Report,LBN_2006_MICSPAL_v01_M,"Multiple Indicator Cluster Survey, Palestinian Refugee Camps, Lebanon 2006, Monitoring the Situation of Children and Women",Lebanon,2005,LBN_2006_MICSPAL_v01_M,http://www.childinfo.org/files/MICS3_Palestinians_in_Lebanon_FinalReport_2006_Ar.pdf,LBN_2006_MICSPAL_v01_M_MICS3_Palestinians_in_Lebanon_FinalReport_2006_Ar.pdf,
MICS,MICS Report,LBN_2006_MICSPAL_v01_M,"Multiple Indicator Cluster Survey, Palestinian Refugee Camps, Lebanon 2006, Monitoring the Situation of Children and Women",Lebanon,2005,LBN_2006_MICSPAL_v01_M,http://www.childinfo.org/files/MICS3_Palestinians_in_Lebanon_FinalReport_2006_En.pdf,LBN_2006_MICSPAL_v01_M_MICS3_Palestinians_in_Lebanon_FinalReport_2006_En.pdf,
MICS,MICS Report,LBN_2011_MICS-P_v01_M,"Multiple Indicator Cluster Survey 2011, Palestinian Camps",Lebanon,2011,LBN_2011_MICS-P_v01_M,https://microdata.worldbank.org//catalog/1994/download/30466,LBN_2011_MICS-P_v01_M_MICS4_Lebanon-Palestinians_FinalReport_2011_Ar.pdf,
MICS,MICS Report,LSO_2018_MICS_v01_M,"Multiple Indicator Cluster Survey 2018, Round 6",Lesotho,2018,LSO_2018_MICS_v01_M,https://mics-surveys-prod.s3.amazonaws.com/MICS6/Eastern%20and%20Southern%20Africa/Lesotho/2018/Snapshots/Lesotho%202018%20MICS%20Statistical%20Snapshots_English.pdf,LSO_2018_MICS_v01_M_Lesotho 2018 MICS Statistical Snapshots_English.pdf,
MICS,MICS Report,MKD_2011_MICS-RS_v01_M,Multiple Indicator Cluster Survey 2011 - Roma Settlements,"Macedonia, FYR",2011,MKD_2011_MICS-RS_v01_M,http://www.childinfo.org/files/MICS4_Macedonia_FinalReport_Eng.pdf,MKD_2011_MICS-RS_v01_M_MICS4_Macedonia_FinalReport_Eng.pdf,
MICS,MICS Report,MKD_2011_MICS-RS_v01_M,Multiple Indicator Cluster Survey 2011 - Roma Settlements,"Macedonia, FYR",2011,MKD_2011_MICS-RS_v01_M,http://www.childinfo.org/files/MICS4_Macedonia_FinalReport_Mak.pdf,MKD_2011_MICS-RS_v01_M_MICS4_Macedonia_FinalReport_Mak.pdf,
MICS,MICS Report,MKD_2011_MICS_v01_M,Multiple Indicator Cluster Survey 2011,"Macedonia, FYR",2011,MKD_2011_MICS_v01_M,http://www.childinfo.org/files/MICS4_Macedonia_FinalReport_Eng.pdf,MKD_2011_MICS_v01_M_MICS4_Macedonia_FinalReport_Eng.pdf,
MICS,MICS Report,MKD_2011_MICS_v01_M,Multiple Indicator Cluster Survey 2011,"Macedonia, FYR",2011,MKD_2011_MICS_v01_M,http://www.childinfo.org/files/MICS4_Macedonia_FinalReport_Mak.pdf,MKD_2011_MICS_v01_M_MICS4_Macedonia_FinalReport_Mak.pdf,
MICS,MICS Report,MDG_2012_MICS-S_v01_M,"Enquête par Grappes à Indicateurs Multiples 2012, Sud",Madagascar,2012,MDG_2012_MICS-S_v01_M,https://microdata.worldbank.org//catalog/3484/download/46747,MDG_2012_MICS-S_v01_M_Madagascar (South) 2012 MICS_French.pdf,
MICS,MICS Report,MDG_2018_MICS_v01_M,"Multiple Indicator Cluster Survey 2018, Round 6",Madagascar,2018,MDG_2018_MICS_v01_M,https://mics-surveys-prod.s3.amazonaws.com/MICS6/Eastern%20and%20Southern%20Africa/Madagascar/2018/Executive%20summary/Madagascar%202018%20MICS%20Executive%20Summary_English.pdf,MDG_2018_MICS_v01_M_Madagascar 2018 MICS Executive Summary_English.pdf,
MICS,MICS Report,MDG_2018_MICS_v01_M,"Multiple Indicator Cluster Survey 2018, Round 6",Madagascar,2018,MDG_2018_MICS_v01_M,https://mics-surveys-prod.s3.amazonaws.com/MICS6/Eastern%20and%20Southern%20Africa/Madagascar/2018/Executive%20summary/Madagascar%202018%20MICS%20Executive%20Summary_French.pdf,MDG_2018_MICS_v01_M_Madagascar 2018 MICS Executive Summary_French.pdf,
MICS,MICS Report,MDG_2018_MICS_v01_M,"Multiple Indicator Cluster Survey 2018, Round 6",Madagascar,2018,MDG_2018_MICS_v01_M,https://mics-surveys-prod.s3.amazonaws.com/MICS6/Eastern%20and%20Southern%20Africa/Madagascar/2018/Executive%20summary/Madagascar%202018%20MICS%20Executive%20Summary_Malagasy.pdf,MDG_2018_MICS_v01_M_Madagascar 2018 MICS Executive Summary_Malagasy.pdf,
MICS,MICS Report,MWI_2006_MICS_v01_M,Multiple Indicator Cluster Survey 2006,Malawi,2006,MWI_2006_MICS_v01_M,http://www.childinfo.org/files/MICS3_Malawi_FinalReport_2006_eng.pdf,MWI_2006_MICS_v01_M_MICS3_Malawi_FinalReport_2006_eng.pdf,
MICS,MICS Report,MWI_2013_MES_v01_M,MDG Endline Survey 2013-2014,Malawi,2013,MWI_2013_MES_v01_M,https://mics-surveys-prod.s3.amazonaws.com/MICS5/Eastern%20and%20Southern%20Africa/Malawi/2013-2014/Key%20findings/Malawi%202013-14%20MICS%20%28MDG%20Endline%20Survey%29%20KFR_English.pdf,MWI_2013_MES_v01_M_Malawi 2013-14 MICS (MDG Endline Survey) KFR_English.pdf,
MICS,MICS Report,MWI_2013_MES_v01_M,MDG Endline Survey 2013-2014,Malawi,2013,MWI_2013_MES_v01_M,https://mics-surveys-prod.s3.amazonaws.com/MICS5/Eastern%20and%20Southern%20Africa/Malawi/2013-2014/Final/Malawi%202013-14%20MICS%20%28MDG%20Endline%20Survey%29_English.pdf,MWI_2013_MES_v01_M_Malawi 2013-14 MICS (MDG Endline Survey)_English.pdf,
MICS,MICS Report,MWI_2019_MICS_v01_M,Multiple Indicator Cluster Survey 2019-2020,Malawi,2019,MWI_2019_MICS_v01_M,https://mics-surveys-prod.s3.amazonaws.com/MICS6/Eastern%20and%20Southern%20Africa/Malawi/2019-2020/Survey%20findings/Malawi%202019-20%20MICS%20Survey%20Findings%20Report_English.pdf,MWI_2019_MICS_v01_M_Malawi 2019-20 MICS Survey Findings Report_English.pdf,
MICS,MICS Report,MLI_2015_MICS_v01_M,Enquête par Grappes à Indicateurs Multiples 2015,Mali,2015,MLI_2015_MICS_v01_M,https://microdata.worldbank.org//catalog/3421/download/46200,MLI_2015_MICS_v01_M_Mali 2015 MICS Final Report_French.pdf,
MICS,MICS Report,MLI_2015_MICS_v01_M,Enquête par Grappes à Indicateurs Multiples 2015,Mali,2015,MLI_2015_MICS_v01_M,https://microdata.worldbank.org//catalog/3421/download/46201,MLI_2015_MICS_v01_M_Mali 2015 MICS Key Findings Report_French.pdf,
MICS,MICS Report,MRT_2015_MICS_v01_M,Enquête par Grappes à Indicateurs Multiples 2015,Mauritania,2015,MRT_2015_MICS_v01_M,https://microdata.worldbank.org//catalog/3473/download/46674,MRT_2015_MICS_v01_M_Mauritania 2015 MICS KFR_French.pdf,
MICS,MICS Report,MRT_2015_MICS_v01_M,Enquête par Grappes à Indicateurs Multiples 2015,Mauritania,2015,MRT_2015_MICS_v01_M,https://microdata.worldbank.org//catalog/3473/download/46675,MRT_2015_MICS_v01_M_Mauritania 2015 MICS_French.pdf,
MICS,MICS Report,MEX_2015_MICS_v01_M,Encuesta de Indicadores Múltiples por Conglomerados 2015,Mexico,2015,MEX_2015_MICS_v01_M,https://microdata.worldbank.org//catalog/2920/download/40967,MEX_2015_MICS_v01_M_Mexico 2015 MICS KFR_Spanish.pdf,
MICS,MICS Report,MEX_2015_MICS_v01_M,Encuesta de Indicadores Múltiples por Conglomerados 2015,Mexico,2015,MEX_2015_MICS_v01_M,https://microdata.worldbank.org//catalog/2920/download/40968,MEX_2015_MICS_v01_M_Mexico 2015 MICS_Spanish.pdf,
MICS,MICS Report,MDA_2012_MICS_v01_M,Multiple Indicator Cluster Survey 2012,Moldova,2012,MDA_2012_MICS_v01_M,https://dl.dropboxusercontent.com/u/18545482/Moldova_2012_MICS.pdf,MDA_2012_MICS_v01_M_Moldova_2012_MICS.pdf,
MICS,MICS Report,MDA_2012_MICS_v01_M,Multiple Indicator Cluster Survey 2012,Moldova,2012,MDA_2012_MICS_v01_M,http://www.childinfo.org/files/Moldova_2012_MICS_Summary.pdf,MDA_2012_MICS_v01_M_Moldova_2012_MICS_Summary.pdf,
MICS,MICS Report,MDA_2012_MICS_v01_M,Multiple Indicator Cluster Survey 2012,Moldova,2012,MDA_2012_MICS_v01_M,http://www.childinfo.org/files/Moldova_Mol_2012_MICS_Summary.pdf,MDA_2012_MICS_v01_M_Moldova_Mol_2012_MICS_Summary.pdf,
MICS,MICS Report,MNG_2005_MICS_v01_M,Multiple Indicator Cluster Survey 2005,Mongolia,2005,MNG_2005_MICS_v01_M,https://microdata.worldbank.org//catalog/22/download/230,MNG_2005_MICS_v01_M_Key_Findings_Mongolia.pdf,
MICS,MICS Report,MNG_2005_MICS_v01_M,Multiple Indicator Cluster Survey 2005,Mongolia,2005,MNG_2005_MICS_v01_M,http://www.childinfo.org/files/MICS3_Mongolia_FinalReport_2005_Eng.pdf,MNG_2005_MICS_v01_M_MICS3_Mongolia_FinalReport_2005_Eng.pdf,
MICS,MICS Report,MNG_2010_MICS_v01_M,Multiple Indicator Cluster Survey 2010,Mongolia,2010,MNG_2010_MICS_v01_M,http://www.childinfo.org/files/MICS4_Mongolia_SummaryReport_Eng.pdf,MNG_2010_MICS_v01_M_MICS4_Mongolia_SummaryReport_Eng.pdf,
MICS,MICS Report,MNG_2012_MICS-ND_v01_M,"Multiple Indicator Cluster Survey 2012, Nalaikh district",Mongolia,2012,MNG_2012_MICS-ND_v01_M,https://microdata.worldbank.org//catalog/3013/download/42057,MNG_2012_MICS-ND_v01_M_Mongolia (Nalaikh District) 2012 MICS_English.pdf,
MICS,MICS Report,MNG_2012_MICS-ND_v01_M,"Multiple Indicator Cluster Survey 2012, Nalaikh district",Mongolia,2012,MNG_2012_MICS-ND_v01_M,https://microdata.worldbank.org//catalog/3013/download/42058,MNG_2012_MICS-ND_v01_M_Mongolia (Nalaikh District) 2012 MICS_Mongolian.pdf,
MICS,MICS Report,MNG_2012_MICS_v01_M,"Multiple Indicator Cluster Survey 2012, Round 4",Mongolia,2012,MNG_2012_MICS_v01_M,https://mics-surveys-prod.s3.amazonaws.com/MICS4/East%20Asia%20and%20the%20Pacific/Mongolia%20%28Khuvsgul%20Aimag%29/2012/Final/Mongolia%20%28Khuvsgul%20Aimag%29%202012%20MICS_English.pdf,MNG_2012_MICS_v01_M_Mongolia (Khuvsgul Aimag) 2012 MICS_English.pdf,
MICS,MICS Report,MNG_2012_MICS_v01_M,"Multiple Indicator Cluster Survey 2012, Round 4",Mongolia,2012,MNG_2012_MICS_v01_M,https://mics-surveys-prod.s3.amazonaws.com/MICS4/East%20Asia%20and%20the%20Pacific/Mongolia%20%28Khuvsgul%20Aimag%29/2012/Final/Mongolia%20%28Khuvsgul%20Aimag%29%202012%20MICS_Mongolian.pdf,MNG_2012_MICS_v01_M_Mongolia (Khuvsgul Aimag) 2012 MICS_Mongolian.pdf,
MICS,MICS Report,MNG_2013_SISS-MICS5_v01_M,Social Indicator Sample Survey 2013,Mongolia,2013,MNG_2013_SISS-MICS5_v01_M,https://microdata.worldbank.org//catalog/2535/download/36784,MNG_2013_SISS-MICS5_v01_M_Mongolia 2013 MICS-SISS KFR_English.pdf,
MICS,MICS Report,MNG_2016_MICS-KP_v01_M,"Multiple Indicator Cluster Survey 2016, Khuvsgul Province",Mongolia,2016,MNG_2016_MICS-KP_v01_M,https://microdata.worldbank.org//catalog/3050/download/42289,MNG_2016_MICS-KP_v01_M_Mongolia 2016 MICS-CDS (Khuvsgul Province)_English.pdf,
MICS,MICS Report,MNG_2016_MICS-ND_v01_M,"Multiple Indicator Cluster Survey 2016, Nalaikh district",Mongolia,2016,MNG_2016_MICS-ND_v01_M,https://microdata.worldbank.org//catalog/3014/download/42063,MNG_2016_MICS-ND_v01_M_Mongolia 2016 MICS-CDS (Nalaikh District)_English.pdf,
MICS,MICS Report,MNG_2018_MICS_v01_M,"Multiple Indicator Cluster Survey 2018, Round 6",Mongolia,2018,MNG_2018_MICS_v01_M,https://mics-surveys-prod.s3.amazonaws.com/MICS6/East%20Asia%20and%20the%20Pacific/Mongolia/2018/Infographic/SISS2018_Infographic_English.pdf,MNG_2018_MICS_v01_M_SISS2018_Infographic_English.pdf,
MICS,MICS Report,MNG_2018_MICS_v01_M,"Multiple Indicator Cluster Survey 2018, Round 6",Mongolia,2018,MNG_2018_MICS_v01_M,https://mics-surveys-prod.s3.amazonaws.com/MICS6/East%20Asia%20and%20the%20Pacific/Mongolia/2018/Infographic/SISS2018_Infographic_Mongolian.pdf,MNG_2018_MICS_v01_M_SISS2018_Infographic_Mongolian.pdf,
MICS,MICS Report,MNE_2005_MICS_v01_M,Multiple Indicator Cluster Survey 2005,Montenegro,2005,MNE_2005_MICS_v01_M,http://www.childinfo.org/files/MICS3_Montenegro_FinalReport_2005-06_Eng.pdf,MNE_2005_MICS_v01_M_MICS3_Montenegro_FinalReport_2005-06_Eng.pdf,
MICS,MICS Report,MNE_2013_MICS-RS_v01_M,Multiple Indicator Cluster Survey 2013 - Roma Settlements,Montenegro,2013,MNE_2013_MICS-RS_v01_M,https://mics-surveys-prod.s3.amazonaws.com/MICS5/Central%20and%20Eastern%20Europe%20and%20the%20Commonwealth%20of%20Independent%20States/Montenegro/2013/Final/Montenegro%20%28National%20and%20Roma%20Settlements%29%202013%20MICS_English.pdf,MNE_2013_MICS-RS_v01_M_Montenegro (National and Roma Settlements) 2013 MICS_English.pdf,
MICS,MICS Report,MNE_2013_MICS-RS_v01_M,Multiple Indicator Cluster Survey 2013 - Roma Settlements,Montenegro,2013,MNE_2013_MICS-RS_v01_M,https://mics-surveys-prod.s3.amazonaws.com/MICS5/Central%20and%20Eastern%20Europe%20and%20the%20Commonwealth%20of%20Independent%20States/Montenegro/2013/Final/Montenegro%20%28National%20and%20Roma%20Settlements%29%202013%20MICS_Montenegrin.pdf,MNE_2013_MICS-RS_v01_M_Montenegro (National and Roma Settlements) 2013 MICS_Montenegrin.pdf,
MICS,MICS Report,MNE_2013_MICS-RS_v01_M,Multiple Indicator Cluster Survey 2013 - Roma Settlements,Montenegro,2013,MNE_2013_MICS-RS_v01_M,https://mics-surveys-prod.s3.amazonaws.com/MICS5/Central%20and%20Eastern%20Europe%20and%20the%20Commonwealth%20of%20Independent%20States/Montenegro/2013/Key%20findings/Montenegro%202013%20MICS%20KFR_English.pdf,MNE_2013_MICS-RS_v01_M_Montenegro 2013 MICS KFR_English.pdf,
MICS,MICS Report,MNE_2013_MICS-RS_v01_M,Multiple Indicator Cluster Survey 2013 - Roma Settlements,Montenegro,2013,MNE_2013_MICS-RS_v01_M,https://mics-surveys-prod.s3.amazonaws.com/MICS5/Central%20and%20Eastern%20Europe%20and%20the%20Commonwealth%20of%20Independent%20States/Montenegro/2013/Key%20findings/Montenegro%202013%20MICS%20KFR_Montenegrin.pdf,MNE_2013_MICS-RS_v01_M_Montenegro 2013 MICS KFR_Montenegrin.pdf,
MICS,MICS Report,MNE_2013_MICS_v01_M,Multiple Indicator Cluster Survey 2013,Montenegro,2013,MNE_2013_MICS_v01_M,https://mics-surveys-prod.s3.amazonaws.com/MICS5/Central%20and%20Eastern%20Europe%20and%20the%20Commonwealth%20of%20Independent%20States/Montenegro/2013/Final/Montenegro%20%28National%20and%20Roma%20Settlements%29%202013%20MICS_English.pdf,MNE_2013_MICS_v01_M_Montenegro (National and Roma Settlements) 2013 MICS_English.pdf,
MICS,MICS Report,MNE_2013_MICS_v01_M,Multiple Indicator Cluster Survey 2013,Montenegro,2013,MNE_2013_MICS_v01_M,https://mics-surveys-prod.s3.amazonaws.com/MICS5/Central%20and%20Eastern%20Europe%20and%20the%20Commonwealth%20of%20Independent%20States/Montenegro/2013/Final/Montenegro%20%28National%20and%20Roma%20Settlements%29%202013%20MICS_Montenegrin.pdf,MNE_2013_MICS_v01_M_Montenegro (National and Roma Settlements) 2013 MICS_Montenegrin.pdf,
MICS,MICS Report,MNE_2013_MICS_v01_M,Multiple Indicator Cluster Survey 2013,Montenegro,2013,MNE_2013_MICS_v01_M,https://mics-surveys-prod.s3.amazonaws.com/MICS5/Central%20and%20Eastern%20Europe%20and%20the%20Commonwealth%20of%20Independent%20States/Montenegro/2013/Key%20findings/Montenegro%202013%20MICS%20KFR_English.pdf,MNE_2013_MICS_v01_M_Montenegro 2013 MICS KFR_English.pdf,
MICS,MICS Report,MNE_2013_MICS_v01_M,Multiple Indicator Cluster Survey 2013,Montenegro,2013,MNE_2013_MICS_v01_M,https://mics-surveys-prod.s3.amazonaws.com/MICS5/Central%20and%20Eastern%20Europe%20and%20the%20Commonwealth%20of%20Independent%20States/Montenegro/2013/Key%20findings/Montenegro%202013%20MICS%20KFR_Montenegrin.pdf,MNE_2013_MICS_v01_M_Montenegro 2013 MICS KFR_Montenegrin.pdf,
MICS,MICS Report,NPL_2010_MICS_v01_M,Multiple Indicator Cluster Survey 2010,Nepal,2010,NPL_2010_MICS_v01_M,http://www.childinfo.org/files/MICS4_Nepal_FinalReport_Eng.pdf,NPL_2010_MICS_v01_M_MICS4_Nepal_FinalReport_Eng.pdf,
MICS,MICS Report,NPL_2014_MICS_v01_M,Multiple Indicator Cluster Survey 2014,Nepal,2014,NPL_2014_MICS_v01_M,https://microdata.worldbank.org//catalog/2592/download/37764,NPL_2014_MICS_v01_M_Nepal 2014 MICS KFR_English.pdf,
MICS,MICS Report,NPL_2014_MICS_v01_M,Multiple Indicator Cluster Survey 2014,Nepal,2014,NPL_2014_MICS_v01_M,https://microdata.worldbank.org//catalog/2592/download/37768,NPL_2014_MICS_v01_M_Nepal 2014 MICS_English.pdf,
MICS,MICS Report,NGA_2016_MICS_v01_M,Multiple Indicator Cluster Survey 2016-2017,Nigeria,2016,NGA_2016_MICS_v01_M,https://microdata.worldbank.org//catalog/3002/download/41925,NGA_2016_MICS_v01_M_Nigeria 2016-17 MICS_English.pdf,
MICS,MICS Report,NGA_2016_MICS_v01_M,Multiple Indicator Cluster Survey 2016-2017,Nigeria,2016,NGA_2016_MICS_v01_M,https://microdata.worldbank.org//catalog/3002/download/41926,NGA_2016_MICS_v01_M_Nigeria Kano State 2016-17 MICS_English.pdf,
MICS,MICS Report,NGA_2016_MICS_v01_M,Multiple Indicator Cluster Survey 2016-2017,Nigeria,2016,NGA_2016_MICS_v01_M,https://microdata.worldbank.org//catalog/3002/download/41927,NGA_2016_MICS_v01_M_Nigeria Lagos State 2016-17 MICS_English.pdf,
MICS,MICS Report,NGA_2021_MICS_v01_M,Multiple Indicator Cluster Survey 2021,Nigeria,2021,NGA_2021_MICS_v01_M,https://mics-surveys-prod.s3.amazonaws.com/MICS6/West%20and%20Central%20Africa/Nigeria/2021/Survey%20findings/Nigeria%202021_MICS_SFR_English.pdf,NGA_2021_MICS_v01_M_Nigeria 2021_MICS_SFR_English.pdf,
MICS,MICS Report,NGA_2021_MICS_v01_M,Multiple Indicator Cluster Survey 2021,Nigeria,2021,NGA_2021_MICS_v01_M,https://mics-surveys-prod.s3.amazonaws.com/MICS6/West%20and%20Central%20Africa/Nigeria/2021/Snapshots/Nigeria%20MICS%202021%20Statistical%20Snapshots_English.pdf,NGA_2021_MICS_v01_M_Nigeria MICS 2021 Statistical Snapshots_English.pdf,
MICS,MICS Report,OMN_2014_MICS_v01_M,"Multiple Indicator Cluster Survey 2014, Round 5",Oman,2014,OMN_2014_MICS_v01_M,https://mics-surveys-prod.s3.amazonaws.com/MICS5/Middle%20East%20and%20North%20Africa/Oman/2014/Final/Oman%202014%20MICS_Arabic.pdf,OMN_2014_MICS_v01_M_Oman 2014 MICS_Arabic.pdf,
MICS,MICS Report,PAK_2010_MICS-BAL_v01_M,Multiple Indicator Cluster Survey 2010 - Balochistan,Pakistan,2010,PAK_2010_MICS-BAL_v01_M,http://www.childinfo.org/files/MICS4_Balochistan_2010_FinalReport.pdf,PAK_2010_MICS-BAL_v01_M_MICS4_Balochistan_2010_FinalReport.pdf,
MICS,MICS Report,PAK_2011_MICS-PUN_v01_M,"Multiple Indicator Cluster Survey, Punjab 2011",Pakistan,2011,PAK_2011_MICS-PUN_v01_M,https://microdata.worldbank.org//catalog/2211/download/32203,PAK_2011_MICS-PUN_v01_M_MICS4_Pakistan_Punjab_2011_Final_Report.pdf,
MICS,MICS Report,PAK_2014_MICS-PB_v01_M,"Multiple Indicator Cluster Survey 2014 (Punjab), Round 5",Pakistan,2014,PAK_2014_MICS-PB_v01_M,https://mics-surveys-prod.s3.amazonaws.com/MICS5/South%20Asia/Pakistan%20%28Punjab%29/2014/Final/Pakistan%20%28Punjab%29%202014%20MICS_English.pdf,PAK_2014_MICS-PB_v01_M_Pakistan (Punjab) 2014 MICS_English.pdf,
MICS,MICS Report,PAK_2014_MICS-SD_v01_M,"Multiple Indicator Cluster Survey 2014 (Sindh), Round 5",Pakistan,2014,PAK_2014_MICS-SD_v01_M,https://mics-surveys-prod.s3.amazonaws.com/MICS5/South%20Asia/Pakistan%20%28Sindh%29/2014/Final/Pakistan%20%28Sindh%29%202014%20MICS_English.pdf,PAK_2014_MICS-SD_v01_M_Pakistan (Sindh) 2014 MICS_English.pdf,
MICS,MICS Report,PAK_2016_MICS-GB_v01_M,"Multiple Indicator Cluster Survey 2016-2017 (Gilgit-Baltistan), Round 5",Pakistan,2016,PAK_2016_MICS-GB_v01_M,https://mics-surveys-prod.s3.amazonaws.com/MICS5/South%20Asia/Pakistan%20%28Gilgit-Baltistan%29/2016-2017/Final/Pakistan%202016-17%20MICS%20%28Gilgit-Baltistan%29_English.pdf,PAK_2016_MICS-GB_v01_M_Pakistan 2016-17 MICS (Gilgit-Baltistan)_English.pdf,
MICS,MICS Report,PAK_2016_MICS-KP_v01_M,"Multiple Indicator Cluster Survey 2016-2017 (Khyber Pakhtunkhwa), Round 5",Pakistan,2016,PAK_2016_MICS-KP_v01_M,https://mics-surveys-prod.s3.amazonaws.com/MICS5/South%20Asia/Pakistan%20%28Khyber%20Pakhtunkhwa%29/2016-2017/Final/Pakistan%202016-17%20MICS%20%28Khyber%20Pakhtunkhwa%29%20Final%20Report_English.pdf,PAK_2016_MICS-KP_v01_M_Pakistan 2016-17 MICS (Khyber Pakhtunkhwa) Final Report_English.pdf,
MICS,MICS Report,PAK_2017_MICS-PUN_v01_M,"Multiple Indicator Cluster Survey 2017-2018, Punjab",Pakistan,2017,PAK_2017_MICS-PUN_v01_M,https://microdata.worldbank.org//catalog/3559/download/47689,PAK_2017_MICS-PUN_v01_M_MICS SFR_Final_English.pdf,
MICS,MICS Report,PAK_2019_MICS-BAL_v01_M,"Multiple Indicator Cluster Survey 2019-2020, Balochistan",Pakistan,2019,PAK_2019_MICS-BAL_v01_M,https://mics-surveys-prod.s3.amazonaws.com/MICS6/South%20Asia/Pakistan%20%28Balochistan%29/2019-2020/Survey%20findings/English%20%5B2022-12-06%5D.pdf,PAK_2019_MICS-BAL_v01_M_English [2022-12-06].pdf,
MICS,MICS Report,PAK_2019_MICS-BAL_v01_M,"Multiple Indicator Cluster Survey 2019-2020, Balochistan",Pakistan,2019,PAK_2019_MICS-BAL_v01_M,https://mics-surveys-prod.s3.amazonaws.com/MICS6/South%20Asia/Pakistan%20%28Balochistan%29/2019-2020/Key%20findings/Pakistan%202019-20%20MICS%20%28Balochistan%29%20Key%20Findings_English.pdf,PAK_2019_MICS-BAL_v01_M_Pakistan 2019-20 MICS (Balochistan) Key Findings_English.pdf,
MICS,MICS Report,PAK_2019_MICS-KP_v01_M,"Multiple Indicator Cluster Survey 2019, Khyber Pakhtunkhwa",Pakistan,2019,PAK_2019_MICS-KP_v01_M,https://mics-surveys-prod.s3.amazonaws.com/MICS6/South%20Asia/Pakistan%20%28Khyber%20Pakhtunkhwa%29/2019/Survey%20findings/Pakistan%202019%20MICS%20%28Khyber%20Pakhtunkhwa%29%20%5B2022-08-02%5D_English.pdf,PAK_2019_MICS-KP_v01_M_Pakistan 2019 MICS (Khyber Pakhtunkhwa) [2022-08-02]_English.pdf,
MICS,MICS Report,PAN_2013_MICS_v01_M,Encuesta de Indicadores Múltiples por Conglomerados 2013,Panama,2013,PAN_2013_MICS_v01_M,https://microdata.worldbank.org//catalog/2921/download/40970,PAN_2013_MICS_v01_M_Panama 2013 MICS KFR_Spanish.pdf,
MICS,MICS Report,PRY_2016_MICS_v01_M,Encuesta de Indicadores Múltiples por Conglomerados 2016,Paraguay,2016,PRY_2016_MICS_v01_M,https://microdata.worldbank.org//catalog/3001/download/41751,PRY_2016_MICS_v01_M_Paraguay 2016 MICS KFR_Spanish.pdf,
MICS,MICS Report,PRY_2016_MICS_v01_M,Encuesta de Indicadores Múltiples por Conglomerados 2016,Paraguay,2016,PRY_2016_MICS_v01_M,https://microdata.worldbank.org//catalog/3001/download/41752,PRY_2016_MICS_v01_M_Paraguay 2016 MICS_Spanish.pdf,
MICS,MICS Report,QAT_2012_MICS_v01_M,Multiple Indicator Cluster Survey 2012,Qatar,2012,QAT_2012_MICS_v01_M,https://microdata.worldbank.org//catalog/3227/download/42663,QAT_2012_MICS_v01_M_Qatar 2012 MICS_English.pdf,
MICS,MICS Report,WSM_2019_MICS_v01_M,Multiple Indicator Cluster Survey 2019-2020,Samoa,2019,WSM_2019_MICS_v01_M,https://mics-surveys-prod.s3.amazonaws.com/MICS6/East%20Asia%20and%20the%20Pacific/Samoa/2019-2020/Preliminary%20report/Factsheet%20Samoa%20DHS-MICS%202019-20_English.pdf,WSM_2019_MICS_v01_M_Factsheet Samoa DHS-MICS 2019-20_English.pdf,
MICS,MICS Report,WSM_2019_MICS_v01_M,Multiple Indicator Cluster Survey 2019-2020,Samoa,2019,WSM_2019_MICS_v01_M,https://mics-surveys-prod.s3.amazonaws.com/MICS6/East%20Asia%20and%20the%20Pacific/Samoa/2019-2020/Snapshots/Samoa%202019-20%20DHS-MICS%20Statistical%20Snapshots_English.pdf,WSM_2019_MICS_v01_M_Samoa 2019-20 DHS-MICS Statistical Snapshots_English.pdf,
MICS,MICS Report,WSM_2019_MICS_v01_M,Multiple Indicator Cluster Survey 2019-2020,Samoa,2019,WSM_2019_MICS_v01_M,https://mics-surveys-prod.s3.amazonaws.com/MICS6/East%20Asia%20and%20the%20Pacific/Samoa/2019-2020/Survey%20findings/Samoa%202019-20%20DHS-MICS%20Survey%20Findings%20Report_English.pdf,WSM_2019_MICS_v01_M_Samoa 2019-20 DHS-MICS Survey Findings Report_English.pdf,
MICS,MICS Report,SEN_2015_MICS-UD_v01_M,"Enquête par Grappes à Indicateurs Multiples 2015-2016, Urbaine Dakar",Senegal,2015,SEN_2015_MICS-UD_v01_M,https://microdata.worldbank.org//catalog/3485/download/46752,SEN_2015_MICS-UD_v01_M_Senegal (Dakar) 2015-16 MICS KFR_French.pdf,
MICS,MICS Report,SEN_2015_MICS-UD_v01_M,"Enquête par Grappes à Indicateurs Multiples 2015-2016, Urbaine Dakar",Senegal,2015,SEN_2015_MICS-UD_v01_M,https://microdata.worldbank.org//catalog/3485/download/46753,SEN_2015_MICS-UD_v01_M_Senegal (Dakar) 2015-16 MICS_French.pdf,
MICS,MICS Report,SRB_2005_MICS_v01_M,"Multiple Indicator Cluster Survey 2005, Monitoring the situation of children and women",Serbia,2005,SRB_2005_MICS_v01_M,http://www.childinfo.org/files/MICS3_Serbia_FinalReport_2005-06_Eng.pdf,SRB_2005_MICS_v01_M_MICS3_Serbia_FinalReport_2005-06_Eng.pdf,
MICS,MICS Report,SRB_2010_MICS-RS_v01_M,Multiple Indicator Cluster Survey 2010 - Roma Settlements,Serbia,2010,SRB_2010_MICS-RS_v01_M,http://www.childinfo.org/files/MICS4_Serbia_FinalReport_2010_Eng.pdf,SRB_2010_MICS-RS_v01_M_MICS4_Serbia_FinalReport_2010_Eng.pdf,
MICS,MICS Report,SRB_2010_MICS-RS_v01_M,Multiple Indicator Cluster Survey 2010 - Roma Settlements,Serbia,2010,SRB_2010_MICS-RS_v01_M,http://www.childinfo.org/files/MICS4_Serbia_FinalReport_2010_Srb.pdf,SRB_2010_MICS-RS_v01_M_MICS4_Serbia_FinalReport_2010_Srb.pdf,
MICS,MICS Report,SRB_2010_MICS_v01_M,Multiple Indicator Cluster Survey 2010,Serbia,2010,SRB_2010_MICS_v01_M,http://www.childinfo.org/files/MICS4_Serbia_FinalReport_2010_Eng.pdf,SRB_2010_MICS_v01_M_MICS4_Serbia_FinalReport_2010_Eng.pdf,
MICS,MICS Report,SRB_2010_MICS_v01_M,Multiple Indicator Cluster Survey 2010,Serbia,2010,SRB_2010_MICS_v01_M,http://www.childinfo.org/files/MICS4_Serbia_FinalReport_2010_Srb.pdf,SRB_2010_MICS_v01_M_MICS4_Serbia_FinalReport_2010_Srb.pdf,
MICS,MICS Report,SRB_2014_MICS-RS_v01_M,Multiple Indicator Cluster Survey 2014 - Roma Settlements,Serbia,2014,SRB_2014_MICS-RS_v01_M,https://mics-surveys-prod.s3.amazonaws.com/MICS5/Central%20and%20Eastern%20Europe%20and%20the%20Commonwealth%20of%20Independent%20States/Serbia/2014/Key%20findings/Serbia%20%28National%20and%20Roma%20Settlements%29%202014%20MICS%20KFR_English.pdf,SRB_2014_MICS-RS_v01_M_Serbia (National and Roma Settlements) 2014 MICS KFR_English.pdf,
MICS,MICS Report,SRB_2014_MICS-RS_v01_M,Multiple Indicator Cluster Survey 2014 - Roma Settlements,Serbia,2014,SRB_2014_MICS-RS_v01_M,https://mics-surveys-prod.s3.amazonaws.com/MICS5/Central%20and%20Eastern%20Europe%20and%20the%20Commonwealth%20of%20Independent%20States/Serbia/2014/Key%20findings/Serbia%20%28National%20and%20Roma%20Settlements%29%202014%20MICS%20KFR_Serbian.pdf,SRB_2014_MICS-RS_v01_M_Serbia (National and Roma Settlements) 2014 MICS KFR_Serbian.pdf,
MICS,MICS Report,SRB_2014_MICS-RS_v01_M,Multiple Indicator Cluster Survey 2014 - Roma Settlements,Serbia,2014,SRB_2014_MICS-RS_v01_M,https://microdata.worldbank.org//catalog/2337/download/34857,SRB_2014_MICS-RS_v01_M_Serbia (National and Roma Settlements) 2014 MICS_English.pdf,
MICS,MICS Report,SRB_2014_MICS-RS_v01_M,Multiple Indicator Cluster Survey 2014 - Roma Settlements,Serbia,2014,SRB_2014_MICS-RS_v01_M,https://mics-surveys-prod.s3.amazonaws.com/MICS5/Central%20and%20Eastern%20Europe%20and%20the%20Commonwealth%20of%20Independent%20States/Serbia/2014/Final/Serbia%20%28National%20and%20Roma%20Settlements%29%202014%20MICS_Serbian.pdf,SRB_2014_MICS-RS_v01_M_Serbia (National and Roma Settlements) 2014 MICS_Serbian.pdf,
MICS,MICS Report,SRB_2014_MICS_v01_M,Multiple Indicator Cluster Survey 2014,Serbia,2014,SRB_2014_MICS_v01_M,https://mics-surveys-prod.s3.amazonaws.com/MICS5/Central%20and%20Eastern%20Europe%20and%20the%20Commonwealth%20of%20Independent%20States/Serbia/2014/Key%20findings/Serbia%20%28National%20and%20Roma%20Settlements%29%202014%20MICS%20KFR_English.pdf,SRB_2014_MICS_v01_M_Serbia (National and Roma Settlements) 2014 MICS KFR_English.pdf,
MICS,MICS Report,SRB_2014_MICS_v01_M,Multiple Indicator Cluster Survey 2014,Serbia,2014,SRB_2014_MICS_v01_M,https://mics-surveys-prod.s3.amazonaws.com/MICS5/Central%20and%20Eastern%20Europe%20and%20the%20Commonwealth%20of%20Independent%20States/Serbia/2014/Key%20findings/Serbia%20%28National%20and%20Roma%20Settlements%29%202014%20MICS%20KFR_Serbian.pdf,SRB_2014_MICS_v01_M_Serbia (National and Roma Settlements) 2014 MICS KFR_Serbian.pdf,
MICS,MICS Report,SRB_2014_MICS_v01_M,Multiple Indicator Cluster Survey 2014,Serbia,2014,SRB_2014_MICS_v01_M,https://microdata.worldbank.org//catalog/2336/download/34810,SRB_2014_MICS_v01_M_Serbia (National and Roma Settlements) 2014 MICS_English.pdf,
MICS,MICS Report,SRB_2014_MICS_v01_M,Multiple Indicator Cluster Survey 2014,Serbia,2014,SRB_2014_MICS_v01_M,https://mics-surveys-prod.s3.amazonaws.com/MICS5/Central%20and%20Eastern%20Europe%20and%20the%20Commonwealth%20of%20Independent%20States/Serbia/2014/Final/Serbia%20%28National%20and%20Roma%20Settlements%29%202014%20MICS_Serbian.pdf,SRB_2014_MICS_v01_M_Serbia (National and Roma Settlements) 2014 MICS_Serbian.pdf,
MICS,MICS Report,SRB_2019_MICS-R_v01_M,"Multiple Indicator Cluster Survey 2019 (Roma Settlements), Round 6",Serbia,2019,SRB_2019_MICS-R_v01_M,https://mics-surveys-prod.s3.amazonaws.com/MICS6/Europe%20and%20Central%20Asia/Serbia%20%28Roma%20Settlements%29/2019/Snapshots/Serbia%20%28National%20and%20Roma%20Settlements%29%202019%20MICS%20Statistical%20Snapshots_English.pdf,SRB_2019_MICS-R_v01_M_Serbia (National and Roma Settlements) 2019 MICS Statistical Snapshots_English.pdf,
MICS,MICS Report,SRB_2019_MICS-R_v01_M,"Multiple Indicator Cluster Survey 2019 (Roma Settlements), Round 6",Serbia,2019,SRB_2019_MICS-R_v01_M,https://mics-surveys-prod.s3.amazonaws.com/MICS6/Europe%20and%20Central%20Asia/Serbia%20%28Roma%20Settlements%29/2019/Snapshots/Serbia%20%28National%20and%20Roma%20Settlements%29%202019%20MICS%20Statistical%20Snapshots_Serbian.pdf,SRB_2019_MICS-R_v01_M_Serbia (National and Roma Settlements) 2019 MICS Statistical Snapshots_Serbian.pdf,
MICS,MICS Report,SRB_2019_MICS_v01_M,"Multiple Indicator Cluster Survey 2019, Round 6",Serbia,2019,SRB_2019_MICS_v01_M,https://mics-surveys-prod.s3.amazonaws.com/MICS6/Europe%20and%20Central%20Asia/Serbia/2019/Snapshots/Serbia%20%28National%20and%20Roma%20Settlements%29%202019%20MICS%20Statistical%20Snapshots_English.pdf,SRB_2019_MICS_v01_M_Serbia (National and Roma Settlements) 2019 MICS Statistical Snapshots_English.pdf,
MICS,MICS Report,SRB_2019_MICS_v01_M,"Multiple Indicator Cluster Survey 2019, Round 6",Serbia,2019,SRB_2019_MICS_v01_M,https://mics-surveys-prod.s3.amazonaws.com/MICS6/Europe%20and%20Central%20Asia/Serbia/2019/Snapshots/Serbia%20%28National%20and%20Roma%20Settlements%29%202019%20MICS%20Statistical%20Snapshots_Serbian.pdf,SRB_2019_MICS_v01_M_Serbia (National and Roma Settlements) 2019 MICS Statistical Snapshots_Serbian.pdf,
MICS,MICS Report,SLE_2010_MICS_v01_M,Multiple Indicator Cluster Survey 2010,Sierra Leone,2010,SLE_2010_MICS_v01_M,http://www.childinfo.org/files/MICS4_SierraLeone_2010_FinalReport.pdf,SLE_2010_MICS_v01_M_MICS4_SierraLeone_2010_FinalReport.pdf,
MICS,MICS Report,SLE_2017_MICS_v01_M,Multiple Indicator Cluster Survey 2017,Sierra Leone,2017,SLE_2017_MICS_v01_M,https://microdata.worldbank.org//catalog/3210/download/42591,SLE_2017_MICS_v01_M_Sierra Leone 2017 MICS Statistical Snapshots_English.pdf,
MICS,MICS Report,SLE_2017_MICS_v01_M,Multiple Indicator Cluster Survey 2017,Sierra Leone,2017,SLE_2017_MICS_v01_M,https://microdata.worldbank.org//catalog/3210/download/42590,SLE_2017_MICS_v01_M_Sierra Leone 2017 MICS Survey Findings Report_English.pdf,
MICS,MICS Report,SOM_2006_MICS_v01_M,Multiple Indicator Cluster Survey 2006,Somalia,2006,SOM_2006_MICS_v01_M,http://www.childinfo.org/files/MICS3_Somalia_FinalReport_2006_eng.pdf,SOM_2006_MICS_v01_M_MICS3_Somalia_FinalReport_2006_eng.pdf,
MICS,MICS Report,SOM_2011_MICS-NZ_v01_M,"Multiple Indicator Cluster Survey 2011, Northeast Zone",Somalia,2011,SOM_2011_MICS-NZ_v01_M,https://mics-surveys-prod.s3.amazonaws.com/MICS4/Eastern%20and%20Southern%20Africa/Somalia%20%28Northeast%20Zone%29/2011/Final/Somalia%20%28Northeast%20Zone%29%202011%20MICS_English.pdf,SOM_2011_MICS-NZ_v01_M_Somalia (Northeast Zone) 2011 MICS_English.pdf,
MICS,MICS Report,SOM_2011_MICS-S_v01_M,"Multiple Indicator Cluster Survey 2011, Somaliland",Somalia,2011,SOM_2011_MICS-S_v01_M,https://mics-surveys-prod.s3.amazonaws.com/MICS4/Eastern%20and%20Southern%20Africa/Somalia%20%28Somaliland%29/2011/Final/Somalia%20%28Somaliland%29%202011%20MICS_English.pdf,SOM_2011_MICS-S_v01_M_Somalia (Somaliland) 2011 MICS_English.pdf,
MICS,MICS Report,SSD_2010_MICS_v01_M,Household Health Survey 2010,South Sudan,2010,SSD_2010_MICS_v01_M,https://microdata.worldbank.org//catalog/2588/download/37740,SSD_2010_MICS_v01_M_MICS4_SouthSudan_FinalReport_2010.pdf,
MICS,MICS Report,LCA_2012_MICS_v01_M,Multiple Indicator Cluster Survey 2012,St. Lucia,2012,LCA_2012_MICS_v01_M,http://www.childinfo.org/files/MICS4_St._Lucia_FinalReport_2012.pdf,LCA_2012_MICS_v01_M_MICS4_St._Lucia_FinalReport_2012.pdf,
MICS,MICS Report,SDN_2010_MICS_v01_M,"Multiple Indicator Cluster Survey 2010, Round 4",Sudan,2010,SDN_2010_MICS_v01_M,https://mics-surveys-prod.s3.amazonaws.com/MICS4/Middle%20East%20and%20North%20Africa/Sudan/2010/Final/Sudan%202010%20MICS_English.pdf,SDN_2010_MICS_v01_M_Sudan 2010 MICS_English.pdf,
MICS,MICS Report,SDN_2014_MICS_v01_M,Multiple Indicator Cluster Survey 2014,Sudan,2014,SDN_2014_MICS_v01_M,https://microdata.worldbank.org//catalog/2656/download/38357,SDN_2014_MICS_v01_M_Sudan 2014 MICS KFR_English.pdf,
MICS,MICS Report,SDN_2014_MICS_v01_M,Multiple Indicator Cluster Survey 2014,Sudan,2014,SDN_2014_MICS_v01_M,https://microdata.worldbank.org//catalog/2656/download/38358,SDN_2014_MICS_v01_M_Sudan 2014 MICS_English.pdf,
MICS,MICS Report,SUR_2010_MICS_v01_M,Multiple Indicator Cluster Survey 2010,Suriname,2010,SUR_2010_MICS_v01_M,http://www.childinfo.org/files/MICS4_Suriname_FinalReport_Eng.pdf,SUR_2010_MICS_v01_M_MICS4_Suriname_FinalReport_Eng.pdf,
MICS,MICS Report,SUR_2018_MICS_v01_M,Multiple Indicator Cluster Survey 2018,Suriname,2018,SUR_2018_MICS_v01_M,https://microdata.worldbank.org//catalog/3531/download/47199,SUR_2018_MICS_v01_M_Questionnaire.pdf,
MICS,MICS Report,SUR_2018_MICS_v01_M,Multiple Indicator Cluster Survey 2018,Suriname,2018,SUR_2018_MICS_v01_M,https://microdata.worldbank.org//catalog/3531/download/47198,SUR_2018_MICS_v01_M_Suriname 2018 MICS Survey Findings Report_English.pdf,
MICS,MICS Report,SYR_2006_MICS_v01_M,"Multiple Indicator Cluster Survey 2006, Monitoring the Situation of Children and Women",Syrian Arab Republic,2006,SYR_2006_MICS_v01_M,http://www.childinfo.org/files/MICS3_Syria_FinalReport_2006_Ar.pdf,SYR_2006_MICS_v01_M_MICS3_Syria_FinalReport_2006_Ar.pdf,
MICS,MICS Report,SYR_2006_MICS_v01_M,"Multiple Indicator Cluster Survey 2006, Monitoring the Situation of Children and Women",Syrian Arab Republic,2006,SYR_2006_MICS_v01_M,http://www.childinfo.org/files/MICS3_Syria_FinalReport_2006_Eng.pdf,SYR_2006_MICS_v01_M_MICS3_Syria_FinalReport_2006_Eng.pdf,
MICS,MICS Report,STP_2014_MICS_v01_M,Multiple Indicator Cluster Survey 2014,São Tomé and Príncipe,2014,STP_2014_MICS_v01_M,https://mics-surveys-prod.s3.amazonaws.com/MICS5/West%20and%20Central%20Africa/Sao%20Tome%20and%20Principe/2014/Biomarker/Sao%20Tome%20and%20Principe%202014%20MICS%20Biomarker%20Report_Portuguese.pdf,STP_2014_MICS_v01_M_Sao Tome and Principe 2014 MICS Biomarker Report_Portuguese.pdf,
MICS,MICS Report,STP_2014_MICS_v01_M,Multiple Indicator Cluster Survey 2014,São Tomé and Príncipe,2014,STP_2014_MICS_v01_M,https://mics-surveys-prod.s3.amazonaws.com/MICS5/West%20and%20Central%20Africa/Sao%20Tome%20and%20Principe/2014/Key%20findings/Sao%20Tome%20and%20Principe%202014%20MICS%20KFR_Portuguese.pdf,STP_2014_MICS_v01_M_Sao Tome and Principe 2014 MICS KFR_Portuguese.pdf,
MICS,MICS Report,STP_2014_MICS_v01_M,Multiple Indicator Cluster Survey 2014,São Tomé and Príncipe,2014,STP_2014_MICS_v01_M,https://mics-surveys-prod.s3.amazonaws.com/MICS5/West%20and%20Central%20Africa/Sao%20Tome%20and%20Principe/2014/Final/Sao%20Tome%20and%20Principe%202014%20MICS_English.pdf,STP_2014_MICS_v01_M_Sao Tome and Principe 2014 MICS_English.pdf,
MICS,MICS Report,STP_2019_MICS_v01_M,"Multiple Indicator Cluster Survey 2019, Round 6",São Tomé and Príncipe,2019,STP_2019_MICS_v01_M,https://mics-surveys-prod.s3.amazonaws.com/MICS6/West%20and%20Central%20Africa/Sao%20Tome%20and%20Principe/2019/Snapshots/Sao%20Tome%20e%20Principe%202019%20MICS%20Statistical%20Snapshots_Portuguese.pdf,STP_2019_MICS_v01_M_Sao Tome e Principe 2019 MICS Statistical Snapshots_Portuguese.pdf,
MICS,MICS Report,TJK_2005_MICS_v01_M,Multiple Indicator Cluster Survey 2005,Tajikistan,2005,TJK_2005_MICS_v01_M,http://www.childinfo.org/files/MICS3_Tajikistan_FinalReport_2005_Eng.pdf,TJK_2005_MICS_v01_M_MICS3_Tajikistan_FinalReport_2005_Eng.pdf,
MICS,MICS Report,TJK_2005_MICS_v01_M,Multiple Indicator Cluster Survey 2005,Tajikistan,2005,TJK_2005_MICS_v01_M,http://www.childinfo.org/files/MICS3_Tajikistan_FinalReport_2005_Rus.pdf,TJK_2005_MICS_v01_M_MICS3_Tajikistan_FinalReport_2005_Rus.pdf,
MICS,MICS Report,TJK_2005_MICS_v01_M,Multiple Indicator Cluster Survey 2005,Tajikistan,2005,TJK_2005_MICS_v01_M,http://www.childinfo.org/files/MICS3_Tajikistan_FinalReport_2005_Taj.pdf,TJK_2005_MICS_v01_M_MICS3_Tajikistan_FinalReport_2005_Taj.pdf,
MICS,MICS Report,THA_2005_MICS_v01_M,Multiple Indicator Cluster Survey 2005-2006,Thailand,2005,THA_2005_MICS_v01_M,http://www.childinfo.org/files/MICS3_Thailand_FinalReport_2005-06_Eng.pdf,THA_2005_MICS_v01_M_MICS3_Thailand_FinalReport_2005-06_Eng.pdf,
MICS,MICS Report,THA_2005_MICS_v01_M,Multiple Indicator Cluster Survey 2005-2006,Thailand,2005,THA_2005_MICS_v01_M,http://www.childinfo.org/files/MICS3_Thailand_FinalReport_2005-06_Thai.pdf,THA_2005_MICS_v01_M_MICS3_Thailand_FinalReport_2005-06_Thai.pdf,
MICS,MICS Report,THA_2012_MICS_v01_M,"Multiple Indicator Cluster Survey 2012-2013, Round 4",Thailand,2012,THA_2012_MICS_v01_M,https://mics-surveys-prod.s3.amazonaws.com/MICS4/East%20Asia%20and%20the%20Pacific/Thailand/2012-2013/Final/Thailand%202012%20MICS_English.pdf,THA_2012_MICS_v01_M_Thailand 2012 MICS_English.pdf,
MICS,MICS Report,THA_2012_MICS_v01_M,"Multiple Indicator Cluster Survey 2012-2013, Round 4",Thailand,2012,THA_2012_MICS_v01_M,https://mics-surveys-prod.s3.amazonaws.com/MICS4/East%20Asia%20and%20the%20Pacific/Thailand/2012-2013/Final/Thailand%202012%20MICS_Thai.pdf,THA_2012_MICS_v01_M_Thailand 2012 MICS_Thai.pdf,
MICS,MICS Report,THA_2015_MICS-BKK_v01_M,"Multiple Indicator Cluster Survey 2015-2016 (Bangkok Small Community), Round 5",Thailand,2015,THA_2015_MICS-BKK_v01_M,https://mics-surveys-prod.s3.amazonaws.com/MICS5/East%20Asia%20and%20the%20Pacific/Thailand%20%28Bangkok%20Small%20Community%29/2015-2016/Final/Bangkok%20Small%20Community%20MICS%20_English.pdf,THA_2015_MICS-BKK_v01_M_Bangkok Small Community MICS _English.pdf,
MICS,MICS Report,THA_2015_MICS-BKK_v01_M,"Multiple Indicator Cluster Survey 2015-2016 (Bangkok Small Community), Round 5",Thailand,2015,THA_2015_MICS-BKK_v01_M,https://mics-surveys-prod.s3.amazonaws.com/MICS5/East%20Asia%20and%20the%20Pacific/Thailand%20%28Bangkok%20Small%20Community%29/2015-2016/Final/Bangkok%20Small%20Community%20MICS_Thai.pdf,THA_2015_MICS-BKK_v01_M_Bangkok Small Community MICS_Thai.pdf,
MICS,MICS Report,THA_2015_MICS_v01_M,Multiple Indicator Cluster Survey 2015-2016,Thailand,2015,THA_2015_MICS_v01_M,https://mics-surveys-prod.s3.amazonaws.com/MICS5/East Asia and the Pacific/Thailand/2015-2016/Key findings/Thailand 2015-16 MICS KFR_English.pdf.pdf,THA_2015_MICS_v01_M_Thailand 2015-16 MICS KFR_English.pdf.pdf,
MICS,MICS Report,THA_2015_MICS_v01_M,Multiple Indicator Cluster Survey 2015-2016,Thailand,2015,THA_2015_MICS_v01_M,https://mics-surveys-prod.s3.amazonaws.com/MICS5/East Asia and the Pacific/Thailand/2015-2016/Key findings/Thailand 2015-16 MICS KFR_Thai.pdf.pdf,THA_2015_MICS_v01_M_Thailand 2015-16 MICS KFR_Thai.pdf.pdf,
MICS,MICS Report,THA_2015_MICS_v01_M,Multiple Indicator Cluster Survey 2015-2016,Thailand,2015,THA_2015_MICS_v01_M,https://microdata.worldbank.org//catalog/5946/download/63884,THA_2015_MICS_v01_M_Thailand 2015-16 MICS_English.pdf.pdf,
MICS,MICS Report,THA_2015_MICS_v01_M,Multiple Indicator Cluster Survey 2015-2016,Thailand,2015,THA_2015_MICS_v01_M,https://microdata.worldbank.org//catalog/5946/download/63885,THA_2015_MICS_v01_M_Thailand 2015-16 MICS_Thai.pdf.pdf,
MICS,MICS Report,THA_2016_MICS_v01_M,"Multiple Indicator Cluster Survey 2016 (14 Provinces), Round 5",Thailand,2016,THA_2016_MICS_v01_M,https://mics-surveys-prod.s3.amazonaws.com/MICS5/East%20Asia%20and%20the%20Pacific/Thailand%20%28Bangkok%20Small%20Community%29/2015-2016/Final/Bangkok%20Small%20Community%20MICS_Thai.pdf,THA_2016_MICS_v01_M_Bangkok Small Community MICS_Thai.pdf,
MICS,MICS Report,THA_2016_MICS_v01_M,"Multiple Indicator Cluster Survey 2016 (14 Provinces), Round 5",Thailand,2016,THA_2016_MICS_v01_M,https://mics-surveys-prod.s3.amazonaws.com/MICS5/East%20Asia%20and%20the%20Pacific/Thailand%20%2814%20Provinces%29/2016/Final/Thailand%202015-16%20MICS%20%2814%20Provinces%29_English.pdf,THA_2016_MICS_v01_M_Thailand 2015-16 MICS (14 Provinces)_English.pdf,
MICS,MICS Report,THA_2019_MICS_v01_M,Multiple Indicator Cluster Survey 2019,Thailand,2019,THA_2019_MICS_v01_M,https://mics-surveys-prod.s3.amazonaws.com/MICS6/East%20Asia%20and%20the%20Pacific/Thailand/2019/Survey%20findings/17%20Provinces%20%28English%29.pdf,THA_2019_MICS_v01_M_17 Provinces (English).pdf,
MICS,MICS Report,THA_2019_MICS_v01_M,Multiple Indicator Cluster Survey 2019,Thailand,2019,THA_2019_MICS_v01_M,https://mics-surveys-prod.s3.amazonaws.com/MICS6/East%20Asia%20and%20the%20Pacific/Thailand/2019/Survey%20findings/17%20Provinces%20%28Thai%29.pdf,THA_2019_MICS_v01_M_17 Provinces (Thai).pdf,
MICS,MICS Report,THA_2019_MICS_v01_M,Multiple Indicator Cluster Survey 2019,Thailand,2019,THA_2019_MICS_v01_M,https://mics-surveys-prod.s3.amazonaws.com/MICS6/East%20Asia%20and%20the%20Pacific/Thailand/2019/Snapshots/Thailand%202019%20MICS%20Statistical%20Snapshots_English.pdf,THA_2019_MICS_v01_M_Thailand 2019 MICS Statistical Snapshots_English.pdf,
MICS,MICS Report,THA_2019_MICS_v01_M,Multiple Indicator Cluster Survey 2019,Thailand,2019,THA_2019_MICS_v01_M,https://mics-surveys-prod.s3.amazonaws.com/MICS6/East%20Asia%20and%20the%20Pacific/Thailand/2019/Snapshots/Thailand%202019%20MICS%20Statistical%20Snapshots_Thai.pdf,THA_2019_MICS_v01_M_Thailand 2019 MICS Statistical Snapshots_Thai.pdf,
MICS,MICS Report,THA_2019_MICS_v01_M,Multiple Indicator Cluster Survey 2019,Thailand,2019,THA_2019_MICS_v01_M,https://mics-surveys-prod.s3.amazonaws.com/MICS6/East%20Asia%20and%20the%20Pacific/Thailand/2019/Key%20indicators/Thailand%202019%20MICS%20Summary%20of%20Key%20Indicators_English.pdf,THA_2019_MICS_v01_M_Thailand 2019 MICS Summary of Key Indicators_English.pdf,
MICS,MICS Report,THA_2019_MICS_v01_M,Multiple Indicator Cluster Survey 2019,Thailand,2019,THA_2019_MICS_v01_M,https://mics-surveys-prod.s3.amazonaws.com/MICS6/East%20Asia%20and%20the%20Pacific/Thailand/2019/Key%20indicators/Thailand%202019%20MICS%20Summary%20of%20Key%20Indicators_Thai.pdf,THA_2019_MICS_v01_M_Thailand 2019 MICS Summary of Key Indicators_Thai.pdf,
MICS,MICS Report,THA_2019_MICS_v01_M,Multiple Indicator Cluster Survey 2019,Thailand,2019,THA_2019_MICS_v01_M,https://mics-surveys-prod.s3.amazonaws.com/MICS6/East%20Asia%20and%20the%20Pacific/Thailand/2019/Survey%20findings/Thailand%202019%20MICS%20Survey%20Findings%20Report_National%20%28English%29.pdf,THA_2019_MICS_v01_M_Thailand 2019 MICS Survey Findings Report_National (English).pdf,
MICS,MICS Report,THA_2019_MICS_v01_M,Multiple Indicator Cluster Survey 2019,Thailand,2019,THA_2019_MICS_v01_M,https://mics-surveys-prod.s3.amazonaws.com/MICS6/East%20Asia%20and%20the%20Pacific/Thailand/2019/Survey%20findings/Thailand%202019%20MICS%20Survey%20Findings%20Report_National%20%28Thai%29.pdf,THA_2019_MICS_v01_M_Thailand 2019 MICS Survey Findings Report_National (Thai).pdf,
MICS,MICS Report,TGO_2010_MICS_v01_M,Enquête par Grappes à Indicateurs Multiples 2010,Togo,2010,TGO_2010_MICS_v01_M,https://microdata.worldbank.org//catalog/2002/download/30592,TGO_2010_MICS_v01_M_MICS4_Final_Togo_Fr_2010.pdf,
MICS,MICS Report,TGO_2010_MICS_v01_M,Enquête par Grappes à Indicateurs Multiples 2010,Togo,2010,TGO_2010_MICS_v01_M,https://microdata.worldbank.org//catalog/2002/download/30591,TGO_2010_MICS_v01_M_MICS_Preliminary_Togo_Fr_2010.pdf,
MICS,MICS Report,TGO_2017_MICS_v01_M,"Multiple Indicator Cluster Survey 2017, Round 6",Togo,2017,TGO_2017_MICS_v01_M,https://mics-surveys-prod.s3.amazonaws.com/MICS6/West%20and%20Central%20Africa/Togo/2017/Survey%20findings/Togo%202017%20MICS%20SFR-v2_French.pdf,TGO_2017_MICS_v01_M_Togo 2017 MICS SFR-v2_French.pdf,
MICS,MICS Report,TON_2019_MICS_v01_M,Multiple Indicator Cluster Survey 2019,Tonga,2019,TON_2019_MICS_v01_M,https://mics-surveys-prod.s3.amazonaws.com/MICS6/East%20Asia%20and%20the%20Pacific/Tonga/2019/Preliminary/Tonga%202019%20MICS%20Fact%20Sheet%20Preliminary%20Results.pdf,TON_2019_MICS_v01_M_Tonga 2019 MICS Fact Sheet Preliminary Results.pdf,
MICS,MICS Report,TON_2019_MICS_v01_M,Multiple Indicator Cluster Survey 2019,Tonga,2019,TON_2019_MICS_v01_M,https://mics-surveys-prod.s3.amazonaws.com/MICS6/East%20Asia%20and%20the%20Pacific/Tonga/2019/Survey%20Findings/Tonga%202019%20MICS%20Survey%20Findings%20Report%20%5B20211203%5D_English.pdf,TON_2019_MICS_v01_M_Tonga 2019 MICS Survey Findings Report [20211203]_English.pdf,
MICS,MICS Report,TON_2019_MICS_v01_M,Multiple Indicator Cluster Survey 2019,Tonga,2019,TON_2019_MICS_v01_M,https://mics-surveys-prod.s3.amazonaws.com/MICS6/East%20Asia%20and%20the%20Pacific/Tonga/2019/Snapshots/Tonga%20MICS%202019%20Snapshot_English.pdf,TON_2019_MICS_v01_M_Tonga MICS 2019 Snapshot_English.pdf,
MICS,MICS Report,TTO_2011_MICS_v01_M,Multiple Indicator Cluster Survey 2011,Trinidad and Tobago,2011,TTO_2011_MICS_v01_M,https://microdata.worldbank.org//catalog/3026/download/42119,TTO_2011_MICS_v01_M_Trinidad and Tobago 2011 MICS_English.pdf,
MICS,MICS Report,TUN_2011_MICS_v01_M,Enquête par Grappes à Indicateurs Multiples 2011 - 2012,Tunisia,2011,TUN_2011_MICS_v01_M,https://microdata.worldbank.org//catalog/1990/download/30427,TUN_2011_MICS_v01_M_MICS-Tunisia_2011_Preliminary_Report_FR.pdf,
MICS,MICS Report,TUN_2011_MICS_v01_M,Enquête par Grappes à Indicateurs Multiples 2011 - 2012,Tunisia,2011,TUN_2011_MICS_v01_M,https://microdata.worldbank.org//catalog/1990/download/30425,TUN_2011_MICS_v01_M_MICS4_Tunisia_Final_Report_2011-12_Ar.pdf,
MICS,MICS Report,TUN_2011_MICS_v01_M,Enquête par Grappes à Indicateurs Multiples 2011 - 2012,Tunisia,2011,TUN_2011_MICS_v01_M,https://microdata.worldbank.org//catalog/1990/download/30426,TUN_2011_MICS_v01_M_MICS4_Tunisia_Final_Report_2011-12_Fr.pdf,
MICS,MICS Report,TKM_2015_MICS_v01_M,Multiple Indicator Cluster Survey 2015-2016,Turkmenistan,2015,TKM_2015_MICS_v01_M,https://mics-surveys-prod.s3.amazonaws.com/MICS5/Central%20and%20Eastern%20Europe%20and%20the%20Commonwealth%20of%20Independent%20States/Turkmenistan/2015-2016/Key%20findings/Turkmenistan%202015-16%20MICS%20KFR_English.pdf,TKM_2015_MICS_v01_M_Turkmenistan 2015-16 MICS KFR_English.pdf,
MICS,MICS Report,TKM_2015_MICS_v01_M,Multiple Indicator Cluster Survey 2015-2016,Turkmenistan,2015,TKM_2015_MICS_v01_M,https://mics-surveys-prod.s3.amazonaws.com/MICS5/Central%20and%20Eastern%20Europe%20and%20the%20Commonwealth%20of%20Independent%20States/Turkmenistan/2015-2016/Key%20findings/Turkmenistan%202015-16%20MICS%20KFR_Russian.pdf,TKM_2015_MICS_v01_M_Turkmenistan 2015-16 MICS KFR_Russian.pdf,
MICS,MICS Report,TKM_2015_MICS_v01_M,Multiple Indicator Cluster Survey 2015-2016,Turkmenistan,2015,TKM_2015_MICS_v01_M,https://mics-surveys-prod.s3.amazonaws.com/MICS5/Central%20and%20Eastern%20Europe%20and%20the%20Commonwealth%20of%20Independent%20States/Turkmenistan/2015-2016/Key%20findings/Turkmenistan%202015-16%20MICS%20KFR_Turkmen.pdf,TKM_2015_MICS_v01_M_Turkmenistan 2015-16 MICS KFR_Turkmen.pdf,
MICS,MICS Report,TKM_2015_MICS_v01_M,Multiple Indicator Cluster Survey 2015-2016,Turkmenistan,2015,TKM_2015_MICS_v01_M,https://mics-surveys-prod.s3.amazonaws.com/MICS5/Central%20and%20Eastern%20Europe%20and%20the%20Commonwealth%20of%20Independent%20States/Turkmenistan/2015-2016/Final/Turkmenistan%202015-2016%20MICS_English.pdf,TKM_2015_MICS_v01_M_Turkmenistan 2015-2016 MICS_English.pdf,
MICS,MICS Report,TKM_2015_MICS_v01_M,Multiple Indicator Cluster Survey 2015-2016,Turkmenistan,2015,TKM_2015_MICS_v01_M,https://mics-surveys-prod.s3.amazonaws.com/MICS5/Central%20and%20Eastern%20Europe%20and%20the%20Commonwealth%20of%20Independent%20States/Turkmenistan/2015-2016/Final/Turkmenistan%202015-2016%20MICS_Russian.pdf,TKM_2015_MICS_v01_M_Turkmenistan 2015-2016 MICS_Russian.pdf,
MICS,MICS Report,TKM_2015_MICS_v01_M,Multiple Indicator Cluster Survey 2015-2016,Turkmenistan,2015,TKM_2015_MICS_v01_M,https://mics-surveys-prod.s3.amazonaws.com/MICS5/Central%20and%20Eastern%20Europe%20and%20the%20Commonwealth%20of%20Independent%20States/Turkmenistan/2015-2016/Final/Turkmenistan%202015-2016%20MICS_Turkmen.pdf,TKM_2015_MICS_v01_M_Turkmenistan 2015-2016 MICS_Turkmen.pdf,
MICS,MICS Report,TCA_2019_MICS_v01_M,Multiple Indicator Cluster Survey 2019-2020,Turks and Caicos Islands,2019,TCA_2019_MICS_v01_M,https://mics-surveys-prod.s3.amazonaws.com/MICS6/Latin%20America%20and%20Caribbean/Turks%20and%20Caicos%20Islands/2019-2020/Survey%20findings/Turks%20%26%20Caicos%20Islands%202019-20%20MICS_English.pdf,TCA_2019_MICS_v01_M_Turks & Caicos Islands 2019-20 MICS_English.pdf,
MICS,MICS Report,TUV_2019_MICS_v01_M,Multiple Indicator Cluster Survey 2019-2020,Tuvalu,2019,TUV_2019_MICS_v01_M,https://mics-surveys-prod.s3.amazonaws.com/MICS6/East%20Asia%20and%20the%20Pacific/Tuvalu/2019-2020/Snapshots/Tuvalu%202019-20%20MICS%20Snapshot%20of%20Key%20Findings%20%5B2022-06-01%5D_English.pdf,TUV_2019_MICS_v01_M_Tuvalu 2019-20 MICS Snapshot of Key Findings [2022-06-01]_English.pdf,
MICS,MICS Report,TUV_2019_MICS_v01_M,Multiple Indicator Cluster Survey 2019-2020,Tuvalu,2019,TUV_2019_MICS_v01_M,https://mics-surveys-prod.s3.amazonaws.com/MICS6/East%20Asia%20and%20the%20Pacific/Tuvalu/2019-2020/Survey%20findings/Tuvalu%202019-20%20MICS%20%5B2022-06-01%5D_English.pdf,TUV_2019_MICS_v01_M_Tuvalu 2019-20 MICS [2022-06-01]_English.pdf,
MICS,MICS Report,UKR_2012_MICS_v01_M,Multiple Indicator Cluster Survey 2012,Ukraine,2012,UKR_2012_MICS_v01_M,https://mics-surveys-prod.s3.amazonaws.com/MICS4/Central%20and%20Eastern%20Europe%20and%20the%20Commonwealth%20of%20Independent%20States/Ukraine/2012/Key%20findings/Ukraine%202012%20MICS%20KFR_English.pdf,UKR_2012_MICS_v01_M_Ukraine 2012 MICS KFR_English.pdf,
MICS,MICS Report,UKR_2012_MICS_v01_M,Multiple Indicator Cluster Survey 2012,Ukraine,2012,UKR_2012_MICS_v01_M,https://mics-surveys-prod.s3.amazonaws.com/MICS4/Central%20and%20Eastern%20Europe%20and%20the%20Commonwealth%20of%20Independent%20States/Ukraine/2012/Final/Ukraine%202012%20MICS_English.pdf,UKR_2012_MICS_v01_M_Ukraine 2012 MICS_English.pdf,
MICS,MICS Report,UKR_2012_MICS_v01_M,Multiple Indicator Cluster Survey 2012,Ukraine,2012,UKR_2012_MICS_v01_M,https://mics-surveys-prod.s3.amazonaws.com/MICS4/Central%20and%20Eastern%20Europe%20and%20the%20Commonwealth%20of%20Independent%20States/Ukraine/2012/Final/Ukraine%202012%20MICS_Ukranian.pdf,UKR_2012_MICS_v01_M_Ukraine 2012 MICS_Ukranian.pdf,
MICS,MICS Report,URY_2012_MICS_v01_M,Encuesta de Indicadores Múltiples por Conglomerados 2013,Uruguay,2012,URY_2012_MICS_v01_M,https://microdata.worldbank.org//catalog/2593/download/38407,URY_2012_MICS_v01_M_Uruguay 2012-13 MICS KFR_Spanish.pdf,
MICS,MICS Report,URY_2012_MICS_v01_M,Encuesta de Indicadores Múltiples por Conglomerados 2013,Uruguay,2012,URY_2012_MICS_v01_M,https://microdata.worldbank.org//catalog/2593/download/38408,URY_2012_MICS_v01_M_Uruguay 2012-13 MICS_Spanish.pdf,
MICS,MICS Report,UZB_2006_MICS_v01_M,Multiple Indicator Cluster Survey 2006,Uzbekistan,2006,UZB_2006_MICS_v01_M,http://www.childinfo.org/files/MICS3_Uzbekistan_FinalReport_2006_Eng.pdf,UZB_2006_MICS_v01_M_MICS3_Uzbekistan_FinalReport_2006_Eng.pdf,
MICS,MICS Report,UZB_2006_MICS_v01_M,Multiple Indicator Cluster Survey 2006,Uzbekistan,2006,UZB_2006_MICS_v01_M,http://www.childinfo.org/files/MICS3_Uzbekistan_FinalReport_2006_Rus.pdf,UZB_2006_MICS_v01_M_MICS3_Uzbekistan_FinalReport_2006_Rus.pdf,
MICS,MICS Report,UZB_2006_MICS_v01_M,Multiple Indicator Cluster Survey 2006,Uzbekistan,2006,UZB_2006_MICS_v01_M,http://www.childinfo.org/files/MICS3_Uzbekistan_FinalReport_2006_uzb.pdf,UZB_2006_MICS_v01_M_MICS3_Uzbekistan_FinalReport_2006_uzb.pdf,
MICS,MICS Report,UZB_2021_MICS_v01_M,Multiple Indicator Cluster Survey 2021-2022,Uzbekistan,2021,UZB_2021_MICS_v01_M,https://mics-surveys-prod.s3.amazonaws.com/MICS6/Europe%20and%20Central%20Asia/Uzbekistan/2021-2022/Survey%20findings/Uzbekistan%202021-22%20MICS%20SFR_English%20%5B2023-02-23%5D.pdf,UZB_2021_MICS_v01_M_Uzbekistan 2021-22 MICS SFR_English [2023-02-23].pdf,
MICS,MICS Report,UZB_2021_MICS_v01_M,Multiple Indicator Cluster Survey 2021-2022,Uzbekistan,2021,UZB_2021_MICS_v01_M,https://mics-surveys-prod.s3.amazonaws.com/MICS6/Europe%20and%20Central%20Asia/Uzbekistan/2021-2022/Survey%20findings/Uzbekistan%202021-22%20MICS%20SFR_Russian%20%5B2023-02-23%5D.pdf,UZB_2021_MICS_v01_M_Uzbekistan 2021-22 MICS SFR_Russian [2023-02-23].pdf,
MICS,MICS Report,UZB_2021_MICS_v01_M,Multiple Indicator Cluster Survey 2021-2022,Uzbekistan,2021,UZB_2021_MICS_v01_M,https://mics-surveys-prod.s3.amazonaws.com/MICS6/Europe%20and%20Central%20Asia/Uzbekistan/2021-2022/Survey%20findings/Uzbekistan%202021-22%20MICS%20SFR_Uzbek%20%5B2023-02-23%5D.pdf,UZB_2021_MICS_v01_M_Uzbekistan 2021-22 MICS SFR_Uzbek [2023-02-23].pdf,
MICS,MICS Report,UZB_2021_MICS_v01_M,Multiple Indicator Cluster Survey 2021-2022,Uzbekistan,2021,UZB_2021_MICS_v01_M,https://mics-surveys-prod.s3.amazonaws.com/MICS6/Europe%20and%20Central%20Asia/Uzbekistan/2021-2022/Snapshots/Uzbekistan%202021-22%20MICS%20Statistical%20Snapshots_English%20%5B2023-02-23%5D.pdf,UZB_2021_MICS_v01_M_Uzbekistan 2021-22 MICS Statistical Snapshots_English [2023-02-23].pdf,
MICS,MICS Report,UZB_2021_MICS_v01_M,Multiple Indicator Cluster Survey 2021-2022,Uzbekistan,2021,UZB_2021_MICS_v01_M,https://mics-surveys-prod.s3.amazonaws.com/MICS6/Europe%20and%20Central%20Asia/Uzbekistan/2021-2022/Snapshots/Uzbekistan%202021-22%20MICS%20Statistical%20Snapshots_Russian%20%5B2023-02-23%5D.pdf,UZB_2021_MICS_v01_M_Uzbekistan 2021-22 MICS Statistical Snapshots_Russian [2023-02-23].pdf,
MICS,MICS Report,UZB_2021_MICS_v01_M,Multiple Indicator Cluster Survey 2021-2022,Uzbekistan,2021,UZB_2021_MICS_v01_M,https://mics-surveys-prod.s3.amazonaws.com/MICS6/Europe%20and%20Central%20Asia/Uzbekistan/2021-2022/Snapshots/Uzbekistan%202021-22%20MICS%20Statistical%20Snapshots_Uzbek%20%5B2023-02-23%5D.pdf,UZB_2021_MICS_v01_M_Uzbekistan 2021-22 MICS Statistical Snapshots_Uzbek [2023-02-23].pdf,
MICS,MICS Report,VNM_2006_MICS_v01_M,Multiple Indicator Cluster Survey 2006,Viet Nam,2006,VNM_2006_MICS_v01_M,http://www.childinfo.org/files/MICS3_VietNam_FinalReport_2006_Eng_Vi.pdf,VNM_2006_MICS_v01_M_MICS3_VietNam_FinalReport_2006_Eng_Vi.pdf,
MICS,MICS Report,VNM_2011_MICS_v01_M,Multiple Indicator Cluster Survey 2011,Viet Nam,2010,VNM_2011_MICS_v01_M,http://www.childinfo.org/files/MICS4_Vietnam_FinalReport_2011_Eng.pdf,VNM_2011_MICS_v01_M_MICS4_Vietnam_FinalReport_2011_Eng.pdf,
MICS,MICS Report,VNM_2013_MICS_v01_M,Multiple Indicator Cluster Survey 2013-2014,Viet Nam,2013,VNM_2013_MICS_v01_M,https://mics-surveys-prod.s3.amazonaws.com/MICS5/East%20Asia%20and%20the%20Pacific/Viet%20Nam/2013-2014/Key%20findings/Viet%20Nam%202013-14%20MICS%20KFR_English.pdf,VNM_2013_MICS_v01_M_Viet Nam 2013-14 MICS KFR_English.pdf,
MICS,MICS Report,VNM_2013_MICS_v01_M,Multiple Indicator Cluster Survey 2013-2014,Viet Nam,2013,VNM_2013_MICS_v01_M,https://mics-surveys-prod.s3.amazonaws.com/MICS5/East%20Asia%20and%20the%20Pacific/Viet%20Nam/2013-2014/Final/Viet%20Nam%202013-14%20MICS_English.pdf,VNM_2013_MICS_v01_M_Viet Nam 2013-14 MICS_English.pdf,
MICS,MICS Report,VNM_2013_MICS_v01_M,Multiple Indicator Cluster Survey 2013-2014,Viet Nam,2013,VNM_2013_MICS_v01_M,https://mics-surveys-prod.s3.amazonaws.com/MICS5/East%20Asia%20and%20the%20Pacific/Viet%20Nam/2013-2014/Final/Viet%20Nam%202013-14%20MICS_Vietnamese.pdf,VNM_2013_MICS_v01_M_Viet Nam 2013-14 MICS_Vietnamese.pdf,
MICS,MICS Report,VNM_2020_MICS_v01_M,Multiple Indicator Cluster Survey 2020-2021,Viet Nam,2020,VNM_2020_MICS_v01_M,https://mics-surveys-prod.s3.amazonaws.com/MICS6/East%20Asia%20and%20the%20Pacific/Viet%20Nam/2020-2021/Key%20indicators/Viet%20Nam%202020-21%20MICS-SDGCW%20Key%20Indicators_English.pdf,VNM_2020_MICS_v01_M_Viet Nam 2020-21 MICS-SDGCW Key Indicators_English.pdf,
MICS,MICS Report,VNM_2020_MICS_v01_M,Multiple Indicator Cluster Survey 2020-2021,Viet Nam,2020,VNM_2020_MICS_v01_M,https://mics-surveys-prod.s3.amazonaws.com/MICS6/East%20Asia%20and%20the%20Pacific/Viet%20Nam/2020-2021/Key%20indicators/Viet%20Nam%202020-21%20MICS-SDGCW%20Key%20Indicators_Vietnamese.pdf,VNM_2020_MICS_v01_M_Viet Nam 2020-21 MICS-SDGCW Key Indicators_Vietnamese.pdf,
MICS,MICS Report,VNM_2020_MICS_v01_M,Multiple Indicator Cluster Survey 2020-2021,Viet Nam,2020,VNM_2020_MICS_v01_M,https://mics-surveys-prod.s3.amazonaws.com/MICS6/East%20Asia%20and%20the%20Pacific/Viet%20Nam/2020-2021/Survey%20findings/Viet%20Nam%202020-21%20MICS-SDGCW_English.pdf,VNM_2020_MICS_v01_M_Viet Nam 2020-21 MICS-SDGCW_English.pdf,
MICS,MICS Report,VNM_2020_MICS_v01_M,Multiple Indicator Cluster Survey 2020-2021,Viet Nam,2020,VNM_2020_MICS_v01_M,https://mics-surveys-prod.s3.amazonaws.com/MICS6/East%20Asia%20and%20the%20Pacific/Viet%20Nam/2020-2021/Survey%20findings/Viet%20Nam%202020-21%20MICS-SDGCW_Vietnamese.pdf,VNM_2020_MICS_v01_M_Viet Nam 2020-21 MICS-SDGCW_Vietnamese.pdf,
MICS,MICS Report,WBG_2010_MICS_v01_M,Family Survey 2010,West Bank and Gaza,2010,WBG_2010_MICS_v01_M,https://mics-surveys-prod.s3.amazonaws.com/MICS4/Middle%20East%20and%20North%20Africa/State%20of%20Palestine/2010/Final/State%20of%20Palestine%202010%20MICS_English.pdf,WBG_2010_MICS_v01_M_State of Palestine 2010 MICS_English.pdf,
MICS,MICS Report,WBG_2014_MICS_v01_M,Multiple Indicator Cluster Survey 2014,West Bank and Gaza,2014,WBG_2014_MICS_v01_M,https://mics-surveys-prod.s3.amazonaws.com/MICS5/Middle%20East%20and%20North%20Africa/State%20of%20Palestine/2014/Key%20findings/State%20of%20Palestine%202014%20MICS%20KFR_Arabic.pdf,WBG_2014_MICS_v01_M_State of Palestine 2014 MICS KFR_Arabic.pdf,
MICS,MICS Report,WBG_2014_MICS_v01_M,Multiple Indicator Cluster Survey 2014,West Bank and Gaza,2014,WBG_2014_MICS_v01_M,https://mics-surveys-prod.s3.amazonaws.com/MICS5/Middle%20East%20and%20North%20Africa/State%20of%20Palestine/2014/Key%20findings/State%20of%20Palestine%202014%20MICS%20KFR_English.pdf,WBG_2014_MICS_v01_M_State of Palestine 2014 MICS KFR_English.pdf,
MICS,MICS Report,WBG_2014_MICS_v01_M,Multiple Indicator Cluster Survey 2014,West Bank and Gaza,2014,WBG_2014_MICS_v01_M,https://mics-surveys-prod.s3.amazonaws.com/MICS5/Middle%20East%20and%20North%20Africa/State%20of%20Palestine/2014/Final/State%20of%20Palestine%202014%20MICS_English.pdf,WBG_2014_MICS_v01_M_State of Palestine 2014 MICS_English.pdf,
MICS,MICS Report,WBG_2019_MICS_v01_M,Multiple Indicator Cluster Survey 2019-2020,West Bank and Gaza,2019,WBG_2019_MICS_v01_M,https://mics-surveys-prod.s3.amazonaws.com/MICS6/Middle%20East%20and%20North%20Africa/State%20of%20Palestine/2019-2020/Key%20findings/SAM%20MICSPlus%20Wave1_Snapshot_20221206.pdf,WBG_2019_MICS_v01_M_SAM MICSPlus Wave1_Snapshot_20221206.pdf,
MICS,MICS Report,WBG_2019_MICS_v01_M,Multiple Indicator Cluster Survey 2019-2020,West Bank and Gaza,2019,WBG_2019_MICS_v01_M,https://mics-surveys-prod.s3.amazonaws.com/MICS6/Middle%20East%20and%20North%20Africa/State%20of%20Palestine/2019-2020/Survey%20findings/State%20of%20Palestine%202019-20%20Survey%20Findings%20Report_v2_English.pdf,WBG_2019_MICS_v01_M_State of Palestine 2019-20 Survey Findings Report_v2_English.pdf,
MICS,MICS Report,YEM_2006_MICS_v01_M,"Multiple Indicator Cluster Survey 2006, Monitoring the Situation of Children and Women","Yemen, Rep.",2006,YEM_2006_MICS_v01_M,http://www.childinfo.org/files/MICS3_Yemen_FinalReport_2006_Eng.pdf,YEM_2006_MICS_v01_M_MICS3_Yemen_FinalReport_2006_Eng.pdf,
MICS,MICS Report,ZWE_2009_MICS_v01_M,"Multiple Indicator Cluster Survey 2009, Round 3",Zimbabwe,2009,ZWE_2009_MICS_v01_M,https://mics-surveys-prod.s3.amazonaws.com/MICS3/Eastern%20and%20Southern%20Africa/Zimbabwe/2009/Final/Zimbabwe%202009%20MICS_English.pdf,ZWE_2009_MICS_v01_M_Zimbabwe 2009 MICS_English.pdf,
MICS,MICS Report,ZWE_2014_MICS_v01_M,Multiple Indicator Cluster Survey 2014,Zimbabwe,2014,ZWE_2014_MICS_v01_M,https://mics-surveys-prod.s3.amazonaws.com/MICS5/Eastern%20and%20Southern%20Africa/Zimbabwe/2014/Key%20findings/Zimbabwe%202014%20MICS%20KFR_English.pdf,ZWE_2014_MICS_v01_M_Zimbabwe 2014 MICS KFR_English.pdf,
MICS,MICS Report,ZWE_2014_MICS_v01_M,Multiple Indicator Cluster Survey 2014,Zimbabwe,2014,ZWE_2014_MICS_v01_M,https://mics-surveys-prod.s3.amazonaws.com/MICS5/Eastern%20and%20Southern%20Africa/Zimbabwe/2014/Final/Zimbabwe%202014%20MICS_English.pdf,ZWE_2014_MICS_v01_M_Zimbabwe 2014 MICS_English.pdf,
MICS,MICS Report,ZWE_2019_MICS_v01_M,"Multiple Indicator Cluster Survey 2019, Round 6",Zimbabwe,2019,ZWE_2019_MICS_v01_M,https://mics-surveys-prod.s3.amazonaws.com/MICS6/Eastern%20and%20Southern%20Africa/Zimbabwe/2019/Snapshots/Zimbabwe%202019%20MICS%20Snapshots%20of%20Key%20Findings_English.pdf,ZWE_2019_MICS_v01_M_Zimbabwe 2019 MICS Snapshots of Key Findings_English.pdf,
