rank,pmid,pool,citations,rcr,year,journal,title,n_authors,pub_types,is_research_article,open_access,pmcid,doi
1,31986264,B,29301,1862.9,2020,Lancet,"Clinical features of patients infected with 2019 novel coronavirus in Wuhan, China.",29,"Research Support, Non-U.S. Gov't; research-article; Journal Article",True,Y,PMC7159299,10.1016/S0140-6736(20)30183-5
2,26903338,B,20816,920.6,2016,JAMA,The Third International Consensus Definitions for Sepsis and Septic Shock (Sepsis-3).,19,"Research Support, Non-U.S. Gov't; research-article; Consensus Statement; Journal Article",True,N,PMC4968574,10.1001/jama.2016.0287
3,32109013,B,18784,1171.4,2020,N Engl J Med,Clinical Characteristics of Coronavirus Disease 2019 in China.,38,"Research Support, Non-U.S. Gov't; research-article; Journal Article",True,Y,PMC7092819,10.1056/NEJMoa2002032
4,32171076,B,18013,1114.0,2020,Lancet,"Clinical course and risk factors for mortality of adult inpatients with COVID-19 in Wuhan, China: a retrospective cohort study.",19,research-article; Journal Article,True,Y,PMC7270627,10.1016/S0140-6736(20)30566-3
5,33069326,B,15076,1005.4,2020,Lancet,"Global burden of 369 diseases and injuries in 204 countries and territories, 1990-2019: a systematic analysis for the Global Burden of Disease Study 2019.",1,research-article; Journal Article,True,Y,PMC7567026,10.1016/S0140-6736(20)30925-9
6,32031570,B,14378,892.8,2020,JAMA,"Clinical Characteristics of 138 Hospitalized Patients With 2019 Novel Coronavirus-Infected Pneumonia in Wuhan, China.",14,"Research Support, Non-U.S. Gov't; research-article; Journal Article",True,N,PMC7042881,10.1001/jama.2020.1585
7,32007143,B,12353,770.5,2020,Lancet,"Epidemiological and clinical characteristics of 99 cases of 2019 novel coronavirus pneumonia in Wuhan, China: a descriptive study.",14,"Research Support, Non-U.S. Gov't; research-article; Journal Article",True,Y,PMC7135076,10.1016/S0140-6736(20)30211-7
8,32091533,B,11556,706.8,2020,JAMA,Characteristics of and Important Lessons From the Coronavirus Disease 2019 (COVID-19) Outbreak in China: Summary of a Report of 72 314 Cases From the Chinese Center for Disease Control and Prevention.,2,"Research Support, Non-U.S. Gov't; Journal Article",True,N,,10.1001/jama.2020.2648
9,35065702,B,11535,1314.2,2022,Lancet,Global burden of bacterial antimicrobial resistance in 2019: a systematic analysis.,1,research-article; Systematic Review; Journal Article,True,N,PMC8841637,10.1016/S0140-6736(21)02724-0
10,30496104,B,10431,569.4,2018,Lancet,"Global, regional, and national incidence, prevalence, and years lived with disability for 354 diseases and injuries for 195 countries and territories, 1990-2017: a systematic analysis for the Global Burden of Disease Study 2017.",1,"Research Support, Non-U.S. Gov't; research-article; Research Support, U.S. Gov't, Non-P.H.S.; Journal Article; Research Support, N.I.H., Extramural",True,Y,PMC6227754,10.1016/S0140-6736(18)32279-7
11,17634462,B,10167,306.9,2007,N Engl J Med,Vitamin D deficiency.,1,"Research Support, Non-U.S. Gov't; Review; Journal Article; Research Support, N.I.H., Extramural",False,N,,10.1056/NEJMra070553
12,23245604,B,9978,350.1,2012,Lancet,Global and regional mortality from 235 causes of death for 20 age groups in 1990 and 2010: a systematic analysis for the Global Burden of Disease Study 2010.,191,"Research Support, N.I.H., Intramural; Research Support, Non-U.S. Gov't; research-article; Journal Article; Research Support, N.I.H., Extramural",True,N,PMC10790329,10.1016/S0140-6736(12)61728-0
13,15385656,B,9388,248.4,2004,N Engl J Med,"Chronic kidney disease and the risks of death, cardiovascular events, and hospitalization.",5,"Research Support, U.S. Gov't, P.H.S.; Journal Article",True,N,,10.1056/NEJMoa041031
14,14726171,B,9298,266.1,2004,Lancet,Appropriate body-mass index for Asian populations and its implications for policy and intervention strategies.,1,"Research Support, Non-U.S. Gov't; Review; Journal Article",False,N,,10.1016/S0140-6736(03)15268-3
15,31995857,B,8865,543.0,2020,N Engl J Med,"Early Transmission Dynamics in Wuhan, China, of Novel Coronavirus-Infected Pneumonia.",45,"Research Support, Non-U.S. Gov't; research-article; Journal Article; Research Support, N.I.H., Extramural",True,Y,PMC7121484,10.1056/NEJMoa2001316
16,15033648,A,8325,238.6,2004,Am J Epidemiol,A modified poisson regression approach to prospective studies with binary data.,1,"Research Support, Non-U.S. Gov't; Journal Article",True,N,,10.1093/aje/kwh090
17,24880830,B,8218,340.4,2014,Lancet,"Global, regional, and national prevalence of overweight and obesity in children and adults during 1980-2013: a systematic analysis for the Global Burden of Disease Study 2013.",140,"Research Support, Non-U.S. Gov't; research-article; Journal Article",True,N,PMC4624264,10.1016/S0140-6736(14)60460-8
18,15364185,B,8108,215.1,2004,Lancet,Effect of potentially modifiable risk factors associated with myocardial infarction in 52 countries (the INTERHEART study): case-control study.,12,"Comparative Study; Research Support, Non-U.S. Gov't; Multicenter Study; Journal Article",True,N,,10.1016/S0140-6736(04)17018-9
19,32738937,B,8009,545.5,2020,Lancet,"Dementia prevention, intervention, and care: 2020 report of the Lancet Commission.",28,review-article; Review; Journal Article,False,Y,PMC7392084,10.1016/S0140-6736(20)30367-6
20,26050253,A,7923,292.7,2015,Int J Epidemiol,Mendelian randomization with invalid instruments: effect estimation and bias detection through Egger regression.,3,"Research Support, Non-U.S. Gov't; research-article; Journal Article",True,Y,PMC4469799,10.1093/ije/dyv080
21,32112714,B,7855,657.9,2020,Lancet,The psychological impact of quarantine and how to reduce it: rapid review of the evidence.,7,"Research Support, Non-U.S. Gov't; review-article; Review; Journal Article",False,Y,PMC7158942,10.1016/S0140-6736(20)30460-8
22,12493255,B,7443,198.2,2002,Lancet,Age-specific relevance of usual blood pressure to vascular mortality: a meta-analysis of individual data for one million adults in 61 prospective studies.,6,"Meta-Analysis; Research Support, U.S. Gov't, P.H.S.; Research Support, Non-U.S. Gov't; Journal Article",True,N,,10.1016/s0140-6736(02)11911-8
23,23245609,B,7443,285.0,2012,Lancet,"A comparative risk assessment of burden of disease and injury attributable to 67 risk factors and risk factor clusters in 21 regions, 1990-2010: a systematic analysis for the Global Burden of Disease Study 2010.",209,"Research Support, N.I.H., Intramural; Research Support, Non-U.S. Gov't; research-article; Journal Article; Research Support, N.I.H., Extramural",True,N,PMC4156511,10.1016/S0140-6736(12)61766-8
24,32007145,B,7379,424.7,2020,Lancet,Genomic characterisation and epidemiology of 2019 novel coronavirus: implications for virus origins and receptor binding.,35,research-article; Journal Article,True,Y,PMC7159086,10.1016/S0140-6736(20)30251-8
25,17132052,B,7119,207.3,2006,PLoS Med,Projections of global mortality and burden of disease from 2002 to 2030.,2,"Research Support, Non-U.S. Gov't; research-article; Journal Article",True,Y,PMC1664601,10.1371/journal.pmed.0030442
26,33069327,B,7054,455.7,2020,Lancet,"Global burden of 87 risk factors in 204 countries and territories, 1990-2019: a systematic analysis for the Global Burden of Disease Study 2019.",1,research-article; Journal Article,True,Y,PMC7566194,10.1016/S0140-6736(20)30752-2
27,32320003,B,6489,380.7,2020,JAMA,"Presenting Characteristics, Comorbidities, and Outcomes Among 5700 Patients Hospitalized With COVID-19 in the New York City Area.",28,"research-article; Journal Article; Research Support, N.I.H., Extramural",True,N,PMC7177629,10.1001/jama.2020.6775
28,10938048,B,6470,177.1,2000,BMJ,Association of glycaemia with macrovascular and microvascular complications of type 2 diabetes (UKPDS 35): prospective observational study.,9,"Research Support, Non-U.S. Gov't; research-article; Journal Article",True,N,PMC27454,10.1136/bmj.321.7258.405
29,23245608,B,6325,242.6,2012,Lancet,"Disability-adjusted life years (DALYs) for 291 diseases and injuries in 21 regions, 1990-2010: a systematic analysis for the Global Burden of Disease Study 2010.",362,"Research Support, N.I.H., Intramural; Research Support, Non-U.S. Gov't; Research Support, U.S. Gov't, Non-P.H.S.; Journal Article; Research Support, N.I.H., Extramural",True,N,,10.1016/S0140-6736(12)61689-4
30,16595758,B,6196,197.0,2006,JAMA,"Prevalence of overweight and obesity in the United States, 1999-2004.",6,"Research Support, Non-U.S. Gov't; Journal Article",True,N,,10.1001/jama.295.13.1549
31,18046031,B,6127,201.3,2007,N Engl J Med,Computed tomography--an increasing source of radiation exposure.,2,"Review; Research Support, U.S. Gov't, Non-P.H.S.; Journal Article; Research Support, N.I.H., Extramural",False,N,,10.1056/NEJMra072149
32,31954465,B,6067,356.3,2020,Lancet,"Global, regional, and national sepsis incidence and mortality, 1990-2017: analysis for the Global Burden of Disease Study.",24,"Research Support, Non-U.S. Gov't; research-article; Journal Article; Research Support, N.I.H., Extramural",True,Y,PMC6970225,10.1016/S0140-6736(19)32989-7
33,15894097,B,6066,143.4,2005,Lancet,Effects of chemotherapy and hormonal therapy for early breast cancer on recurrence and 15-year survival: an overview of the randomised trials.,1,"Meta-Analysis; Research Support, Non-U.S. Gov't; Journal Article",True,N,,10.1016/S0140-6736(05)66544-0
34,18026621,A,6035,206.6,2007,Bull World Health Organ,Development of a WHO growth reference for school-aged children and adolescents.,6,research-article; Journal Article,True,N,PMC2636412,10.2471/blt.07.043497
35,23245607,B,6000,237.7,2012,Lancet,Years lived with disability (YLDs) for 1160 sequelae of 289 diseases and injuries 1990-2010: a systematic analysis for the Global Burden of Disease Study 2010.,358,"Research Support, N.I.H., Intramural; Research Support, Non-U.S. Gov't; research-article; Journal Article; Research Support, N.I.H., Extramural",True,N,PMC6350784,10.1016/S0140-6736(12)61729-2
36,30496103,B,5890,286.3,2018,Lancet,"Global, regional, and national age-sex-specific mortality for 282 causes of death in 195 countries and territories, 1980-2017: a systematic analysis for the Global Burden of Disease Study 2017.",1,"Research Support, Non-U.S. Gov't; research-article; Research Support, U.S. Gov't, Non-P.H.S.; Journal Article; Research Support, N.I.H., Extramural",True,Y,PMC6227606,10.1016/S0140-6736(18)32203-7
37,24570244,B,5871,249.1,2014,JAMA,"Prevalence of childhood and adult obesity in the United States, 2011-2012.",4,research-article; Journal Article,True,N,PMC4770258,10.1001/jama.2014.732
38,15758010,B,5836,125.0,2005,N Engl J Med,MGMT gene silencing and benefit from temozolomide in glioblastoma.,16,"Research Support, Non-U.S. Gov't; Journal Article",True,N,,10.1056/NEJMoa043331
39,12813115,B,5825,172.3,2003,JAMA,The epidemiology of major depressive disorder: results from the National Comorbidity Survey Replication (NCS-R).,10,"Research Support, U.S. Gov't, P.H.S.; Research Support, Non-U.S. Gov't; Journal Article",True,N,,10.1001/jama.289.23.3095
40,28919117,B,5816,293.7,2017,Lancet,"Global, regional, and national incidence, prevalence, and years lived with disability for 328 diseases and injuries for 195 countries, 1990-2016: a systematic analysis for the Global Burden of Disease Study 2016.",1,research-article; Journal Article,True,Y,PMC5605509,10.1016/S0140-6736(17)32154-2
41,16182882,B,5812,161.4,2005,Lancet,The metabolic syndrome--a new worldwide definition.,4,"Research Support, Non-U.S. Gov't; Journal Article",True,N,,10.1016/S0140-6736(05)67402-8
42,28604169,B,5729,262.8,2017,N Engl J Med,Health Effects of Overweight and Obesity in 195 Countries over 25 Years.,155,research-article; Journal Article,True,Y,PMC5477817,10.1056/NEJMoa1614362
43,18177778,B,5688,184.2,2008,Lancet,Epidemiology and causes of preterm birth.,4,review-article; Review; Journal Article,False,Y,PMC7134569,10.1016/S0140-6736(08)60074-4
44,12711737,B,5657,130.2,2003,N Engl J Med,"Overweight, obesity, and mortality from cancer in a prospectively studied cohort of U.S. adults.",4,Journal Article,True,N,,10.1056/NEJMoa021423
45,25530442,B,5643,232.8,2015,Lancet,"Global, regional, and national age-sex specific all-cause and cause-specific mortality for 240 causes of death, 1990-2013: a systematic analysis for the Global Burden of Disease Study 2013.",1,"Research Support, Non-U.S. Gov't; research-article; Journal Article",True,N,PMC4340604,10.1016/S0140-6736(14)61682-2
46,29029897,B,5626,277.4,2017,Lancet,"Worldwide trends in body-mass index, underweight, overweight, and obesity from 1975 to 2016: a pooled analysis of 2416 population-based measurement studies in 128·9 million children, adolescents, and adults.",1,research-article; Journal Article,True,Y,PMC5735219,10.1016/S0140-6736(17)32129-3
47,32061315,B,5400,344.6,2020,Lancet,"Global, regional, and national burden of chronic kidney disease, 1990-2017: a systematic analysis for the Global Burden of Disease Study 2017.",1,"Research Support, Non-U.S. Gov't; research-article; Journal Article",True,Y,PMC7049905,10.1016/S0140-6736(20)30045-3
48,16214597,B,5352,136.0,2005,Lancet,"Efficacy and safety of cholesterol-lowering treatment: prospective meta-analysis of data from 90,056 participants in 14 randomised trials of statins.",12,"Meta-Analysis; Research Support, Non-U.S. Gov't; Journal Article",True,N,,10.1016/S0140-6736(05)67394-1
49,22818936,B,5294,206.0,2012,Lancet,Effect of physical inactivity on major non-communicable diseases worldwide: an analysis of burden of disease and life expectancy.,7,"Research Support, Non-U.S. Gov't; research-article; Journal Article; Research Support, N.I.H., Extramural",True,N,PMC3645500,10.1016/S0140-6736(12)61031-9
50,15652604,B,5242,150.0,2005,Lancet,Global burden of hypertension: analysis of worldwide data.,6,"Research Support, U.S. Gov't, P.H.S.; Journal Article",True,N,,10.1016/S0140-6736(05)17741-1
51,21067804,B,5173,147.1,2010,Lancet,"Efficacy and safety of more intensive lowering of LDL cholesterol: a meta-analysis of data from 170,000 participants in 26 randomised trials.",12,"Meta-Analysis; Research Support, Non-U.S. Gov't; research-article; Journal Article",True,Y,PMC2988224,10.1016/S0140-6736(10)61350-5
52,11786451,B,5137,131.2,2002,BMJ,"Collaborative meta-analysis of randomised trials of antiplatelet therapy for prevention of death, myocardial infarction, and stroke in high risk patients.",1,"Meta-Analysis; Research Support, Non-U.S. Gov't; research-article; Journal Article",True,N,PMC64503,10.1136/bmj.324.7329.71
53,21330339,A,5076,173.5,2011,Am J Epidemiol,Updating and validating the Charlson comorbidity index and score for risk adjustment in hospital discharge abstracts using data from 6 countries.,8,"Research Support, Non-U.S. Gov't; Journal Article",True,N,,10.1093/aje/kwq433
54,22579043,B,5072,191.4,2012,Lancet,"Epidemiology of multimorbidity and implications for health care, research, and medical education: a cross-sectional study.",6,"Research Support, Non-U.S. Gov't; Journal Article",True,N,,10.1016/S0140-6736(12)60240-2
55,31986261,B,5041,299.1,2020,Lancet,A familial cluster of pneumonia associated with the 2019 novel coronavirus indicating person-to-person transmission: a study of a family cluster.,21,"Research Support, Non-U.S. Gov't; research-article; Journal Article",True,Y,PMC7159286,10.1016/S0140-6736(20)30154-9
56,11343485,B,5015,128.5,2001,JAMA,Prevalence of diagnosed atrial fibrillation in adults: national implications for rhythm management and stroke prevention: the AnTicoagulation and Risk Factors in Atrial Fibrillation (ATRIA) Study.,7,"Research Support, U.S. Gov't, P.H.S.; Research Support, Non-U.S. Gov't; Journal Article",True,N,,10.1001/jama.285.18.2370
57,29050646,B,4960,217.1,2017,Lancet,Worldwide incidence and prevalence of inflammatory bowel disease in the 21st century: a systematic review of population-based studies.,12,Systematic Review; Journal Article,True,N,,10.1016/S0140-6736(17)32448-0
58,23746772,B,4875,209.6,2013,Lancet,Maternal and child undernutrition and overweight in low-income and middle-income countries.,12,"Research Support, Non-U.S. Gov't; Review; Journal Article",False,N,,10.1016/S0140-6736(13)60937-X
59,11790215,B,4873,131.1,2002,JAMA,Prevalence of the metabolic syndrome among US adults: findings from the third National Health and Nutrition Examination Survey.,3,Journal Article,True,N,,10.1001/jama.287.3.356
60,26063472,B,4866,215.4,2015,Lancet,"Global, regional, and national incidence, prevalence, and years lived with disability for 301 acute and chronic diseases and injuries in 188 countries, 1990-2013: a systematic analysis for the Global Burden of Disease Study 2013.",1,"Research Support, N.I.H., Intramural; Research Support, Non-U.S. Gov't; research-article; Review; Journal Article; Research Support, N.I.H., Extramural",False,N,PMC4561509,10.1016/S0140-6736(15)60692-4
61,29307467,B,4790,202.9,2018,Lancet,Hepatocellular carcinoma.,3,"Research Support, Non-U.S. Gov't; Review; Journal Article",False,N,,10.1016/S0140-6736(18)30010-2
62,10733371,B,4726,122.9,2000,N Engl J Med,C-reactive protein and other markers of inflammation in the prediction of cardiovascular disease in women.,4,"Research Support, U.S. Gov't, P.H.S.; Research Support, Non-U.S. Gov't; Journal Article",True,N,,10.1056/NEJM200003233421202
63,26869575,B,4677,236.7,2016,Lancet,"Breastfeeding in the 21st century: epidemiology, mechanisms, and lifelong effect.",11,"Meta-Analysis; Research Support, Non-U.S. Gov't; Review; Journal Article",False,N,,10.1016/S0140-6736(15)01024-7
64,30660336,B,4623,283.2,2019,Lancet,Food in the Anthropocene: the EAT-Lancet Commission on healthy diets from sustainable food systems.,37,"Research Support, Non-U.S. Gov't; Review; Journal Article",False,N,,10.1016/S0140-6736(18)31788-4
65,38642570,B,4619,966.6,2024,Lancet,"Global incidence, prevalence, years lived with disability (YLDs), disability-adjusted life-years (DALYs), and healthy life expectancy (HALE) for 371 diseases and injuries in 204 countries and territories and 811 subnational locations, 1990-2021: a systematic analysis for the Global Burden of Disease Study 2021.",1,"Research Support, Non-U.S. Gov't; research-article; Journal Article; Research Support, N.I.H., Extramural",True,Y,PMC11122111,10.1016/S0140-6736(24)00757-8
66,34998485,A,4618,477.0,2022,Lancet Public Health,Estimation of the global prevalence of dementia in 2019 and forecasted prevalence in 2050: an analysis for the Global Burden of Disease Study 2019.,1,"Research Support, Non-U.S. Gov't; research-article; Journal Article; Research Support, N.I.H., Extramural",True,Y,PMC8810394,10.1016/S2468-2667(21)00249-8
67,12393820,B,4610,117.7,2002,N Engl J Med,"Twenty-year follow-up of a randomized trial comparing total mastectomy, lumpectomy, and lumpectomy plus irradiation for the treatment of invasive breast cancer.",8,"Comparative Study; Research Support, U.S. Gov't, P.H.S.; Journal Article",True,N,,10.1056/NEJMoa022152
68,12490681,B,4580,90.2,2002,N Engl J Med,A gene-expression signature as a predictor of survival in breast cancer.,21,"Research Support, Non-U.S. Gov't; Evaluation Study; Journal Article",True,N,,10.1056/NEJMoa021967
69,12689998,A,4572,96.9,2003,Int J Epidemiol,'Mendelian randomization': can genetic epidemiology contribute to understanding environmental determinants of disease?,2,Lecture,False,N,,10.1093/ije/dyg070
70,21658213,A,4558,147.7,2011,BMC Public Health,External review and validation of the Swedish national inpatient register.,8,other; Validation Study; Journal Article,True,Y,PMC3142234,10.1186/1471-2458-11-450
71,12365955,B,4499,133.8,2002,JAMA,"Prevalence and trends in obesity among US adults, 1999-2000.",4,Journal Article,True,N,,10.1001/jama.288.14.1723
72,20071471,B,4493,151.7,2010,JAMA,"Prevalence and trends in obesity among US adults, 1999-2008.",4,Journal Article,True,N,,10.1001/jama.2009.2014
73,12700374,B,4490,113.5,2003,N Engl J Med,The epidemiology of sepsis in the United States from 1979 through 2000.,4,"Research Support, U.S. Gov't, P.H.S.; Journal Article",True,N,,10.1056/NEJMoa022139
74,26903337,B,4315,176.7,2016,JAMA,"Epidemiology, Patterns of Care, and Mortality for Patients With Acute Respiratory Distress Syndrome in Intensive Care Units in 50 Countries.",18,"Research Support, Non-U.S. Gov't; Multicenter Study; Journal Article; Observational Study",True,N,,10.1001/jama.2016.0291
75,25104651,A,4253,163.1,2014,Lancet Glob Health,Global prevalence of age-related macular degeneration and disease burden projection for 2020 and 2040: a systematic review and meta-analysis.,7,"Meta-Analysis; Research Support, Non-U.S. Gov't; Systematic Review; Journal Article",True,N,,10.1016/S2214-109X(13)70145-1
76,32437596,B,4200,232.6,2020,N Engl J Med,"Pulmonary Vascular Endothelialitis, Thrombosis, and Angiogenesis in Covid-19.",14,"Comparative Study; Research Support, Non-U.S. Gov't; research-article; Journal Article; Research Support, N.I.H., Extramural",True,N,PMC7412750,10.1056/NEJMoa2015432
77,18463375,B,4194,129.2,2008,N Engl J Med,Hyperglycemia and adverse pregnancy outcomes.,15,"Research Support, Non-U.S. Gov't; Multicenter Study; Journal Article; Research Support, N.I.H., Extramural",True,N,,10.1056/NEJMoa0707943
78,25791983,B,4192,228.6,2015,BMJ,Process evaluation of complex interventions: Medical Research Council guidance.,11,"other; Research Support, Non-U.S. Gov't; Journal Article",True,Y,PMC4366184,10.1136/bmj.h1258
79,23243115,A,4184,175.3,2014,Int J Epidemiol,Cohort profile: the China Health and Retirement Longitudinal Study (CHARLS).,5,"Research Support, Non-U.S. Gov't; research-article; Journal Article; Research Support, N.I.H., Extramural",True,N,PMC3937970,10.1093/ije/dys203
80,19339721,B,4149,140.0,2009,N Engl J Med,Rehospitalizations among patients in the Medicare fee-for-service program.,3,"Research Support, Non-U.S. Gov't; Journal Article",True,N,,10.1056/NEJMsa0803563
81,29395269,B,4149,180.6,2018,Lancet,Global surveillance of trends in cancer survival 2000-14 (CONCORD-3): analysis of individual records for 37 513 025 patients diagnosed with one of 18 cancers from 322 population-based registries in 71 countries.,24,"Research Support, Non-U.S. Gov't; research-article; Journal Article",True,N,PMC5879496,10.1016/S0140-6736(17)33326-3
82,10793167,B,4140,101.0,2000,N Engl J Med,The acute respiratory distress syndrome.,2,Historical Article; Review; Journal Article,False,N,,10.1056/NEJM200005043421806
83,11948273,B,4126,119.6,2002,N Engl J Med,Hospital volume and surgical mortality in the United States.,8,"Research Support, U.S. Gov't, P.H.S.; Research Support, U.S. Gov't, Non-P.H.S.; Journal Article",True,N,,10.1056/NEJMsa012337
84,23993280,B,4108,168.4,2013,Lancet,Global burden of disease attributable to mental and substance use disorders: findings from the Global Burden of Disease Study 2010.,13,"Research Support, Non-U.S. Gov't; Review; Journal Article; Research Support, N.I.H., Extramural",False,N,,10.1016/S0140-6736(13)61611-6
85,25103301,A,4064,180.8,2014,Lancet Glob Health,Global causes of maternal death: a WHO systematic analysis.,9,"Research Support, Non-U.S. Gov't; Systematic Review; Journal Article",True,N,,10.1016/S2214-109X(14)70227-X
86,31631858,B,4034,184.0,2019,Lancet,Colorectal cancer.,5,Review; Journal Article,False,N,,10.1016/S0140-6736(19)32319-0
87,27156434,B,3974,159.5,2016,Lancet,Rheumatoid arthritis.,3,Review; Journal Article,False,N,,10.1016/S0140-6736(16)30173-8
88,20010215,A,3971,120.4,2010,Epidemiology,Assessing the performance of prediction models: a framework for traditional and novel measures.,8,"Research Support, Non-U.S. Gov't; research-article; Journal Article",True,N,PMC3575184,10.1097/EDE.0b013e3181c30fb2
89,34554658,B,3953,301.4,2021,N Engl J Med,New Creatinine- and Cystatin C-Based Equations to Estimate GFR without Race.,34,"research-article; Journal Article; Research Support, N.I.H., Extramural",True,N,PMC8822996,10.1056/NEJMoa2102953
90,15840860,B,3944,114.8,2005,JAMA,"Excess deaths associated with underweight, overweight, and obesity.",4,"Research Support, U.S. Gov't, Non-P.H.S.; Journal Article",True,N,,10.1001/jama.293.15.1861
91,30954305,B,3931,231.6,2019,Lancet,"Health effects of dietary risks in 195 countries, 1990-2017: a systematic analysis for the Global Burden of Disease Study 2017.",1,"Research Support, Non-U.S. Gov't; research-article; Journal Article",True,Y,PMC6899507,10.1016/S0140-6736(19)30041-8
92,22253363,B,3931,145.8,2012,JAMA,"Prevalence of obesity and trends in the distribution of body mass index among US adults, 1999-2010.",4,Comparative Study; Journal Article,True,N,,10.1001/jama.2012.39
93,28402827,B,3930,197.9,2017,Lancet,Structural racism and health inequities in the USA: evidence and interventions.,6,"Research Support, Non-U.S. Gov't; Review; Journal Article",False,N,,10.1016/S0140-6736(17)30569-X
94,37356446,B,3929,557.5,2023,Lancet,"Global, regional, and national burden of diabetes from 1990 to 2021, with projections of prevalence to 2050: a systematic analysis for the Global Burden of Disease Study 2021.",1,"Research Support, Non-U.S. Gov't; research-article; Journal Article",True,Y,PMC10364581,10.1016/S0140-6736(23)01301-6
95,18994664,B,3909,131.5,2008,Lancet,Closing the gap in a generation: health equity through action on the social determinants of health.,6,Journal Article,True,N,,10.1016/S0140-6736(08)61690-6
96,11401607,B,3907,101.4,2001,JAMA,Validation of clinical classification schemes for predicting stroke: results from the National Registry of Atrial Fibrillation.,6,"Research Support, U.S. Gov't, P.H.S.; Validation Study; Journal Article",True,N,,10.1001/jama.285.22.2864
97,16360786,B,3901,101.1,2005,Lancet,Effects of radiotherapy and of differences in the extent of surgery for early breast cancer on local recurrence and 15-year survival: an overview of the randomised trials.,17,"Research Support, Non-U.S. Gov't; Review; Journal Article",False,N,,10.1016/S0140-6736(05)67887-7
98,10955408,A,3897,95.4,2000,Epidemiology,Marginal structural models and causal inference in epidemiology.,3,"Research Support, U.S. Gov't, P.H.S.; Journal Article",True,N,,10.1097/00001648-200009000-00011
99,20668659,B,3891,139.7,2010,PLoS Med,Social relationships and mortality risk: a meta-analytic review.,3,"Meta-Analysis; Research Support, Non-U.S. Gov't; research-article; Review; Journal Article",False,Y,PMC2910600,10.1371/journal.pmed.1000316
100,12503980,B,3882,105.1,2003,JAMA,"Prevalence of obesity, diabetes, and obesity-related health risk factors, 2001.",7,Journal Article,True,N,,10.1001/jama.289.1.76
101,32250385,B,3869,220.2,2020,JAMA,"Baseline Characteristics and Outcomes of 1591 Patients Infected With SARS-CoV-2 Admitted to ICUs of the Lombardy Region, Italy.",22,"Research Support, Non-U.S. Gov't; research-article; Journal Article",True,N,PMC7136855,10.1001/jama.2020.5394
102,16731270,B,3799,108.0,2006,Lancet,"Global and regional burden of disease and risk factors, 2001: systematic analysis of population health data.",5,"Research Support, Non-U.S. Gov't; Journal Article; Research Support, N.I.H., Extramural",True,N,,10.1016/S0140-6736(06)68770-9
103,17986697,B,3796,106.9,2007,JAMA,Prevalence of chronic kidney disease in the United States.,8,"Journal Article; Research Support, N.I.H., Extramural",True,N,,10.1001/jama.298.17.2038
104,27115820,B,3770,166.6,2016,Lancet,Trends in adult body-mass index in 200 countries from 1975 to 2014: a pooled analysis of 1698 population-based measurement studies with 19·2 million participants.,1,"Research Support, Non-U.S. Gov't; research-article; Review; Journal Article",False,Y,PMC7615134,10.1016/S0140-6736(16)30054-X
105,28919116,B,3762,168.0,2017,Lancet,"Global, regional, and national age-sex specific mortality for 264 causes of death, 1980-2016: a systematic analysis for the Global Burden of Disease Study 2016.",1,research-article; Journal Article,True,Y,PMC5605883,10.1016/S0140-6736(17)32152-9
106,31034380,B,3762,208.9,2019,Lancet,Osteoarthritis.,2,Review; Journal Article,False,N,,10.1016/S0140-6736(19)30417-9
107,22353262,B,3729,117.4,2012,Lancet,Hepatocellular carcinoma.,3,"Research Support, Non-U.S. Gov't; research-article; Review; Journal Article; Research Support, N.I.H., Extramural",False,N,PMC13537732,10.1016/S0140-6736(11)61347-0
108,34634250,B,3721,319.9,2021,Lancet,Global prevalence and burden of depressive and anxiety disorders in 204 countries and territories in 2020 due to the COVID-19 pandemic.,1,"Research Support, Non-U.S. Gov't; research-article; Systematic Review; Journal Article",True,Y,PMC8500697,10.1016/S0140-6736(21)02143-7
109,16980116,B,3704,99.1,2006,Lancet,Burden of valvular heart diseases: a population-based study.,6,"Research Support, Non-U.S. Gov't; Journal Article; Research Support, N.I.H., Extramural",True,N,,10.1016/S0140-6736(06)69208-8
110,19144931,B,3687,140.9,2009,N Engl J Med,A surgical safety checklist to reduce morbidity and mortality in a global population.,16,"Research Support, Non-U.S. Gov't; Multicenter Study; Journal Article",True,N,,10.1056/NEJMsa0810119
111,31806905,B,3655,180.1,2019,Nat Med,Chronic inflammation in the etiology of disease across the life span.,20,"Research Support, Non-U.S. Gov't; research-article; Review; Journal Article; Research Support, N.I.H., Extramural",False,N,PMC7147972,10.1038/s41591-019-0675-0
112,30002074,B,3629,156.4,2018,BMJ,"Reading Mendelian randomisation studies: a guide, glossary, and checklist for clinicians.",3,other; Journal Article,True,Y,PMC6041728,10.1136/bmj.k601
113,30496105,B,3602,187.1,2018,Lancet,"Global, regional, and national comparative risk assessment of 84 behavioural, environmental and occupational, and metabolic risks or clusters of risks for 195 countries and territories, 1990-2017: a systematic analysis for the Global Burden of Disease Study 2017.",1,"Research Support, Non-U.S. Gov't; research-article; Research Support, U.S. Gov't, Non-P.H.S.; Journal Article; Research Support, N.I.H., Extramural",True,Y,PMC6227755,10.1016/S0140-6736(18)32225-6
114,15010446,B,3590,108.4,2004,JAMA,"Actual causes of death in the United States, 2000.",4,Review; Journal Article,False,N,,10.1001/jama.291.10.1238
115,14667750,B,3583,82.2,2003,Lancet,Hepatocellular carcinoma.,3,"Research Support, Non-U.S. Gov't; Review; Journal Article",False,N,,10.1016/S0140-6736(03)14964-1
116,17517853,B,3569,92.4,2007,N Engl J Med,Effect of rosiglitazone on the risk of myocardial infarction and death from cardiovascular causes.,2,Meta-Analysis; Journal Article,True,N,,10.1056/NEJMoa072761
117,12460094,B,3535,94.1,2002,JAMA,The metabolic syndrome and total and cardiovascular disease mortality in middle-aged men.,7,"Research Support, U.S. Gov't, P.H.S.; Research Support, Non-U.S. Gov't; Journal Article",True,N,,10.1001/jama.288.21.2709
118,16360788,B,3530,99.2,2005,Lancet,Global prevalence of dementia: a Delphi consensus study.,16,"Research Support, Non-U.S. Gov't; research-article; Journal Article",True,N,PMC2850264,10.1016/S0140-6736(05)67889-0
119,18207566,B,3519,122.2,2008,Lancet,Maternal and child undernutrition: global and regional exposures and health consequences.,9,Review; Journal Article,False,N,,10.1016/S0140-6736(07)61690-0
120,11879110,B,3488,98.8,2002,JAMA,"Lung cancer, cardiopulmonary mortality, and long-term exposure to fine particulate air pollution.",7,"Research Support, U.S. Gov't, P.H.S.; Research Support, Non-U.S. Gov't; research-article; Research Support, U.S. Gov't, Non-P.H.S.; Journal Article",True,N,PMC4037163,10.1001/jama.287.9.1132
121,15781100,B,3470,98.3,2005,Lancet,Long-term cardiovascular outcomes in men with obstructive sleep apnoea-hypopnoea with or without treatment with continuous positive airway pressure: an observational study.,4,"Comparative Study; Research Support, Non-U.S. Gov't; Journal Article",True,N,,10.1016/S0140-6736(05)71141-7
122,19299006,B,3467,101.8,2009,Lancet,Body-mass index and cause-specific mortality in 900 000 adults: collaborative analyses of 57 prospective studies.,10,"Research Support, Non-U.S. Gov't; research-article; Journal Article; Research Support, N.I.H., Extramural",True,Y,PMC2662372,10.1016/S0140-6736(09)60318-4
123,20483451,B,3463,103.1,2010,Lancet,Association of estimated glomerular filtration rate and albuminuria with all-cause and cardiovascular mortality in general population cohorts: a collaborative meta-analysis.,9,"Meta-Analysis; Research Support, Non-U.S. Gov't; research-article; Journal Article",True,N,PMC3993088,10.1016/S0140-6736(10)60674-5
124,29253477,A,3457,196.8,2017,Lancet Public Health,The effect of multiple adverse childhood experiences on health: a systematic review and meta-analysis.,8,Meta-Analysis; Systematic Review; Journal Article,True,N,,10.1016/S2468-2667(17)30118-4
125,32648899,B,3436,187.6,2020,JAMA,"Pathophysiology, Transmission, Diagnosis, and Treatment of Coronavirus Disease 2019 (COVID-19): A Review.",5,Review; Journal Article,False,N,,10.1001/jama.2020.12839
126,22276600,A,3415,155.7,2012,BMC Public Health,Health literacy and public health: a systematic review and integration of definitions and models.,8,"Research Support, Non-U.S. Gov't; research-article; Systematic Review; Journal Article",True,Y,PMC3292515,10.1186/1471-2458-12-80
127,33753937,B,3407,237.2,2021,Nat Med,Post-acute COVID-19 syndrome.,34,"Research Support, Non-U.S. Gov't; research-article; Review; Journal Article; Research Support, N.I.H., Extramural",False,N,PMC8893149,10.1038/s41591-021-01283-z
128,21067385,B,3406,82.9,2010,N Engl J Med,Triple-negative breast cancer.,3,"Research Support, Non-U.S. Gov't; Review; Journal Article",False,N,,10.1056/NEJMra1001389
129,18474969,A,3403,119.6,2008,Health Aff (Millwood),"The triple aim: care, health, and cost.",3,Journal Article,True,N,,10.1377/hlthaff.27.3.759
130,21205966,B,3401,124.8,2011,JAMA,Gait speed and survival in older adults.,20,"Research Support, N.I.H., Intramural; Research Support, Non-U.S. Gov't; research-article; Journal Article; Research Support, N.I.H., Extramural",True,N,PMC3080184,10.1001/jama.2010.1923
131,17715408,B,3362,92.0,2007,N Engl J Med,Effects of bariatric surgery on mortality in Swedish obese subjects.,24,"Research Support, Non-U.S. Gov't; Journal Article",True,N,,10.1056/NEJMoa066254
132,22818937,B,3356,139.5,2012,Lancet,"Global physical activity levels: surveillance progress, pitfalls, and prospects.",7,Review; Journal Article,False,N,,10.1016/S0140-6736(12)60646-1
133,18669428,B,3354,80.7,2008,N Engl J Med,Malignant gliomas in adults.,2,"Research Support, Non-U.S. Gov't; Review; Journal Article; Research Support, N.I.H., Extramural",False,N,,10.1056/NEJMra0708126
134,12397006,A,3353,74.8,2002,Am J Epidemiol,Multi-Ethnic Study of Atherosclerosis: objectives and design.,16,"Research Support, U.S. Gov't, P.H.S.; Journal Article",True,N,,10.1093/aje/kwf113
135,11176917,B,3325,96.7,2001,JAMA,"Osteoporosis prevention, diagnosis, and therapy.",1,"Review; Consensus Statement; Journal Article; Consensus Development Conference, NIH",False,N,,10.1001/jama.285.6.785
136,30396512,B,3297,168.6,2018,Lancet,Depression.,2,Review; Journal Article,False,N,,10.1016/S0140-6736(18)31948-2
137,12690091,B,3296,71.1,2003,N Engl J Med,Identification of a novel coronavirus in patients with severe acute respiratory syndrome.,26,"Research Support, Non-U.S. Gov't; Journal Article",True,N,,10.1056/NEJMoa030747
138,23589584,A,3285,131.0,2013,Am J Epidemiol,Increased prevalence of sleep-disordered breathing in adults.,6,"research-article; Journal Article; Research Support, N.I.H., Extramural",True,N,PMC3639722,10.1093/aje/kws342
139,22682464,B,3280,133.9,2012,Lancet,"National, regional, and worldwide estimates of preterm birth rates in the year 2010 with time trends since 1990 for selected countries: a systematic analysis and implications.",11,"Meta-Analysis; Research Support, Non-U.S. Gov't; Journal Article",True,N,,10.1016/S0140-6736(12)60820-4
140,28408086,B,3268,153.1,2017,Lancet,Estimates and 25-year trends of the global burden of disease attributable to ambient air pollution: an analysis of data from the Global Burden of Diseases Study 2015.,29,research-article; Journal Article,True,Y,PMC5439030,10.1016/S0140-6736(17)30505-6
141,29573870,B,3262,209.1,2018,Lancet,What low back pain is and why we need to pay attention.,13,Review; Journal Article,False,N,,10.1016/S0140-6736(18)30480-X
142,16855265,B,3242,81.3,2006,N Engl J Med,Trends in prevalence and outcome of heart failure with preserved ejection fraction.,6,"Research Support, Non-U.S. Gov't; Journal Article; Research Support, N.I.H., Extramural",True,N,,10.1056/NEJMoa052256
143,21414999,A,3223,89.5,2011,Int J Epidemiol,Avoiding bias from weak instruments in Mendelian randomization studies.,3,"Meta-Analysis; Comparative Study; Research Support, Non-U.S. Gov't; Review; Journal Article",False,N,,10.1093/ije/dyr036
144,12387650,B,3218,121.7,2002,JAMA,"Hospital nurse staffing and patient mortality, nurse burnout, and job dissatisfaction.",5,"Research Support, U.S. Gov't, P.H.S.; Evaluation Study; Journal Article",True,N,,10.1001/jama.288.16.1987
145,17182981,A,3214,96.3,2007,Am J Epidemiol,Relaxing the rule of ten events per variable in logistic and Cox regression.,2,Validation Study; Journal Article,True,N,,10.1093/aje/kwk052
146,16106006,B,3209,86.3,2005,JAMA,"Acute renal failure in critically ill patients: a multinational, multicenter study.",14,"Research Support, Non-U.S. Gov't; Multicenter Study; Journal Article",True,N,,10.1001/jama.294.7.813
147,12826634,B,3208,83.7,2003,N Engl J Med,Adherence to a Mediterranean diet and survival in a Greek population.,4,"Research Support, Non-U.S. Gov't; Journal Article",True,N,,10.1056/NEJMoa025039
148,28641372,A,3204,126.0,2017,Am J Epidemiol,Comparison of Sociodemographic and Health-Related Characteristics of UK Biobank Participants With Those of the General Population.,8,research-article; Journal Article,True,Y,PMC5860371,10.1093/aje/kwx246
149,12393819,B,3179,86.6,2002,N Engl J Med,Twenty-year follow-up of a randomized study comparing breast-conserving surgery with radical mastectomy for early breast cancer.,8,"Comparative Study; Research Support, Non-U.S. Gov't; Journal Article",True,N,,10.1056/NEJMoa020989
150,12517460,B,3179,74.6,2003,Lancet,Primary angioplasty versus intravenous thrombolytic therapy for acute myocardial infarction: a quantitative review of 23 randomised trials.,3,"Research Support, Non-U.S. Gov't; Review; Journal Article",False,N,,10.1016/S0140-6736(03)12113-7
151,39096926,B,3150,728.2,2024,Lancet,"Dementia prevention, intervention, and care: 2024 report of the Lancet standing Commission.",27,Journal Article,True,N,,10.1016/S0140-6736(24)01296-0
152,23727169,B,3122,116.2,2013,Lancet,Chronic kidney disease: global dimension and perspectives.,9,Review; Journal Article,False,N,,10.1016/S0140-6736(13)60687-X
153,23484825,B,3116,106.4,2013,N Engl J Med,Risk of ischemic heart disease in women after radiotherapy for breast cancer.,16,"Research Support, Non-U.S. Gov't; Journal Article",True,N,,10.1056/NEJMoa1209825
154,12690092,B,3094,67.3,2003,N Engl J Med,A novel coronavirus associated with severe acute respiratory syndrome.,27,Journal Article,True,N,,10.1056/NEJMoa030781
155,22019144,B,3091,93.3,2011,Lancet,"Effect of radiotherapy after breast-conserving surgery on 10-year recurrence and 15-year breast cancer death: meta-analysis of individual patient data for 10,801 women in 17 randomised trials.",16,"Meta-Analysis; Research Support, Non-U.S. Gov't; research-article; Review; Journal Article",False,Y,PMC3254252,10.1016/S0140-6736(11)61629-2
156,27733284,B,3061,141.5,2016,Lancet,"Global, regional, and national comparative risk assessment of 79 behavioural, environmental and occupational, and metabolic risks or clusters of risks, 1990-2015: a systematic analysis for the Global Burden of Disease Study 2015.",1,"Comparative Study; Research Support, Non-U.S. Gov't; research-article; Research Support, U.S. Gov't, Non-P.H.S.; Journal Article; Research Support, N.I.H., Extramural",True,Y,PMC5388856,10.1016/S0140-6736(16)31679-8
157,34785096,A,3039,411.6,2022,Soc Sci Med,Sample sizes for saturation in qualitative research: A systematic review of empirical tests.,2,Systematic Review; Journal Article,True,N,,10.1016/j.socscimed.2021.114523
158,33428867,B,3030,218.4,2021,Lancet,6-month consequences of COVID-19 in patients discharged from hospital: a cohort study.,32,"Research Support, Non-U.S. Gov't; research-article; Journal Article",True,N,PMC7833295,10.1016/S0140-6736(20)32656-8
159,16935684,B,3007,91.9,2006,Lancet,"Worldwide time trends in the prevalence of symptoms of asthma, allergic rhinoconjunctivitis, and eczema in childhood: ISAAC Phases One and Three repeat multicountry cross-sectional surveys.",8,"Research Support, Non-U.S. Gov't; Multicenter Study; Journal Article",True,N,,10.1016/S0140-6736(06)69283-0
160,30193830,A,2979,171.3,2018,Lancet Glob Health,Worldwide trends in insufficient physical activity from 2001 to 2016: a pooled analysis of 358 population-based surveys with 1·9 million participants.,4,Journal Article,True,N,,10.1016/S2214-109X(18)30357-7
161,25924834,B,2975,144.4,2015,Lancet,"Global Surgery 2030: evidence and solutions for achieving health, welfare, and economic development.",36,Review; Journal Article,False,N,,10.1016/S0140-6736(15)60160-X
162,17192537,B,2974,98.7,2006,N Engl J Med,An intervention to decrease catheter-related bloodstream infections in the ICU.,13,"Research Support, U.S. Gov't, P.H.S.; Multicenter Study; Journal Article",True,N,,10.1056/NEJMoa061115
163,16236739,B,2968,72.5,2005,N Engl J Med,Incidence and outcomes of acute lung injury.,8,"Research Support, U.S. Gov't, P.H.S.; Research Support, Non-U.S. Gov't; Journal Article; Research Support, N.I.H., Extramural",True,N,,10.1056/NEJMoa050333
164,12519925,B,2955,68.4,2003,N Engl J Med,The pathophysiology and treatment of sepsis.,2,"Research Support, U.S. Gov't, P.H.S.; Research Support, Non-U.S. Gov't; Review; Journal Article",False,N,,10.1056/NEJMra021333
165,29949490,B,2951,155.5,2018,N Engl J Med,Making Neighborhood-Disadvantage Metrics Accessible - The Neighborhood Atlas.,2,research-article; Journal Article,True,N,PMC6051533,10.1056/NEJMp1802313
166,15640920,A,2947,92.8,2004,Bull World Health Organ,Global data on visual impairment in the year 2002.,7,research-article; Journal Article,True,N,PMC2623053,/S0042-96862004001100009
167,23280227,B,2945,108.2,2013,JAMA,Association of all-cause mortality with overweight and obesity using standard body mass index categories: a systematic review and meta-analysis.,4,Meta-Analysis; research-article; Systematic Review; Journal Article,True,N,PMC4855514,10.1001/jama.2012.113905
168,16757721,B,2938,67.6,2006,JAMA,"Race, breast cancer subtypes, and survival in the Carolina Breast Cancer Study.",17,"Journal Article; Research Support, N.I.H., Extramural",True,N,,10.1001/jama.295.21.2492
169,24670166,B,2935,123.7,2014,N Engl J Med,Multistate point-prevalence survey of health care-associated infections.,15,research-article; Journal Article,True,N,PMC4648343,10.1056/NEJMoa1306801
170,34450083,B,2934,236.7,2021,Lancet,Worldwide trends in hypertension prevalence and progress in treatment and control from 1990 to 2019: a pooled analysis of 1201 population-representative studies with 104 million participants.,1,"Research Support, Non-U.S. Gov't; research-article; Journal Article",True,Y,PMC8446938,10.1016/S0140-6736(21)01330-1
171,15199035,B,2926,90.6,2004,JAMA,"Prevalence of overweight and obesity among US children, adolescents, and adults, 1999-2002.",6,"Research Support, Non-U.S. Gov't; Journal Article",True,N,,10.1001/jama.291.23.2847
172,11893790,B,2921,76.5,2002,N Engl J Med,Exercise capacity and mortality among men referred for exercise testing.,6,Journal Article,True,N,,10.1056/NEJMoa011858
173,12517228,B,2913,67.0,2003,JAMA,Mortality associated with influenza and respiratory syncytial virus in the United States.,7,"Research Support, U.S. Gov't, P.H.S.; Journal Article",True,N,,10.1001/jama.289.2.179
174,27887750,B,2909,132.4,2017,Lancet,Chronic Kidney Disease.,4,Review; Journal Article,False,N,,10.1016/S0140-6736(16)32064-5
175,32296168,B,2902,149.5,2020,Nat Med,Temporal dynamics in viral shedding and transmissibility of COVID-19.,23,"Research Support, Non-U.S. Gov't; Journal Article",True,N,,10.1038/s41591-020-0869-5
176,39299261,B,2884,685.9,2024,Lancet,Global burden of bacterial antimicrobial resistance 1990-2021: a systematic analysis with forecasts to 2050.,1,"Research Support, Non-U.S. Gov't; research-article; Journal Article",True,Y,PMC11718157,10.1016/S0140-6736(24)01867-1
177,12075054,B,2879,53.6,2002,N Engl J Med,The use of molecular profiling to predict survival after chemotherapy for diffuse large-B-cell lymphoma.,41,"Research Support, U.S. Gov't, P.H.S.; Research Support, Non-U.S. Gov't; Journal Article",True,N,,10.1056/NEJMoa012914
178,31248666,B,2878,147.3,2019,Lancet,"Mortality, morbidity, and risk factors in China and its provinces, 1990-2017: a systematic analysis for the Global Burden of Disease Study 2017.",28,"Research Support, Non-U.S. Gov't; research-article; Journal Article",True,Y,PMC6891889,10.1016/S0140-6736(19)30427-1
179,15229303,B,2866,99.6,2004,N Engl J Med,"Combat duty in Iraq and Afghanistan, mental health problems, and barriers to care.",6,"Research Support, U.S. Gov't, Non-P.H.S.; Journal Article",True,N,,10.1056/NEJMoa040603
180,26903335,B,2857,127.6,2016,JAMA,Assessment of Clinical Criteria for Sepsis: For the Third International Consensus Definitions for Sepsis and Septic Shock (Sepsis-3).,13,"Research Support, Non-U.S. Gov't; research-article; Research Support, U.S. Gov't, Non-P.H.S.; Consensus Statement; Evaluation Study; Journal Article; Research Support, N.I.H., Extramural",True,N,PMC5433435,10.1001/jama.2016.0288
181,15781105,B,2844,87.8,2005,Lancet,Social determinants of health inequalities.,1,Journal Article,True,N,,10.1016/S0140-6736(05)71146-6
182,12529460,B,2840,51.8,2003,N Engl J Med,"Intratumoral T cells, recurrence, and survival in epithelial ovarian cancer.",12,"Research Support, U.S. Gov't, P.H.S.; Research Support, Non-U.S. Gov't; Journal Article",True,N,,10.1056/NEJMoa020177
183,12049882,B,2835,83.0,2002,Lancet,Epidemiology and outcomes of osteoporotic fractures.,2,"Research Support, U.S. Gov't, P.H.S.; Review; Journal Article",False,N,,10.1016/S0140-6736(02)08657-9
184,22681860,B,2832,119.6,2012,Lancet,Radiation exposure from CT scans in childhood and subsequent risk of leukaemia and brain tumours: a retrospective cohort study.,12,"Research Support, Non-U.S. Gov't; research-article; Journal Article; Research Support, N.I.H., Extramural",True,Y,PMC3418594,10.1016/S0140-6736(12)60815-0
185,17035650,B,2829,73.1,2006,N Engl J Med,Chronic health conditions in adult survivors of childhood cancer.,14,"Comparative Study; Research Support, Non-U.S. Gov't; Journal Article; Research Support, N.I.H., Extramural",True,N,,10.1056/NEJMsa060185
186,29040600,A,2822,110.3,2017,Int J Epidemiol,Robust inference in summary data Mendelian randomization via the zero modal pleiotropy assumption.,3,"Research Support, Non-U.S. Gov't; research-article; Journal Article",True,Y,PMC5837715,10.1093/ije/dyx102
187,14999112,B,2808,82.1,2004,N Engl J Med,"The body-mass index, airflow obstruction, dyspnea, and exercise capacity index in chronic obstructive pulmonary disease.",8,Validation Study; Journal Article,True,N,,10.1056/NEJMoa021322
188,12432042,B,2794,69.3,2002,N Engl J Med,Comparison of C-reactive protein and low-density lipoprotein cholesterol levels in the prediction of first cardiovascular events.,5,"Comparative Study; Research Support, U.S. Gov't, P.H.S.; Research Support, Non-U.S. Gov't; Evaluation Study; Journal Article",True,N,,10.1056/NEJMoa021993
189,23680352,B,2791,107.1,2013,Lancet,"Burden and aetiology of diarrhoeal disease in infants and young children in developing countries (the Global Enteric Multicenter Study, GEMS): a prospective, case-control study.",43,"Research Support, Non-U.S. Gov't; Multicenter Study; Journal Article",True,N,,10.1016/S0140-6736(13)60844-2
190,31812369,A,2782,174.5,2020,Lancet Glob Health,Estimates of incidence and mortality of cervical cancer in 2018: a worldwide analysis.,7,"Research Support, Non-U.S. Gov't; research-article; Journal Article",True,Y,PMC7025157,10.1016/S2214-109X(19)30482-6
191,27061677,B,2781,122.3,2016,Lancet,Worldwide trends in diabetes since 1980: a pooled analysis of 751 population-based studies with 4.4 million participants.,1,"Research Support, Non-U.S. Gov't; research-article; Journal Article",True,Y,PMC5081106,10.1016/S0140-6736(16)00618-8
192,17826170,B,2774,88.9,2007,Lancet,"Depression, chronic diseases, and decrements in health: results from the World Health Surveys.",6,Journal Article,True,N,,10.1016/S0140-6736(07)61415-9
193,23992774,B,2772,119.8,2014,Lancet,Delirium in elderly people.,3,"Research Support, Non-U.S. Gov't; research-article; Review; Journal Article; Research Support, N.I.H., Extramural",False,N,PMC4120864,10.1016/S0140-6736(13)60688-1
194,19320986,A,2771,86.2,2009,BMC Public Health,The incidence of co-morbidities related to obesity and overweight: a systematic review and meta-analysis.,6,"Meta-Analysis; Research Support, Non-U.S. Gov't; research-article; Systematic Review; Journal Article",True,Y,PMC2667420,10.1186/1471-2458-9-88
195,32203977,B,2771,156.9,2020,JAMA,Case-Fatality Rate and Characteristics of Patients Dying in Relation to COVID-19 in Italy.,3,Video-Audio Media; Journal Article,True,N,,10.1001/jama.2020.4683
196,24449944,B,2768,110.6,2014,Lancet,Global and regional burden of stroke during 1990-2010: findings from the Global Burden of Disease Study 2010.,21,"Research Support, Non-U.S. Gov't; research-article; Review; Journal Article",False,N,PMC4181600,10.1016/s0140-6736(13)61953-4
197,26724178,B,2761,119.9,2016,Lancet,Blood pressure lowering for prevention of cardiovascular disease and death: a systematic review and meta-analysis.,9,"Meta-Analysis; Research Support, Non-U.S. Gov't; Systematic Review; Journal Article",True,N,,10.1016/S0140-6736(15)01225-8
198,19482214,B,2743,75.3,2009,Lancet,Aspirin in the primary and secondary prevention of vascular disease: collaborative meta-analysis of individual participant data from randomised trials.,14,"Meta-Analysis; Research Support, Non-U.S. Gov't; research-article; Journal Article",True,Y,PMC2715005,10.1016/S0140-6736(09)60503-1
199,27574741,B,2740,100.7,2017,Lancet,Lung cancer: current therapies and new targeted treatments.,7,Review; Journal Article,False,N,,10.1016/S0140-6736(16)30958-8
200,20459784,A,2733,113.8,2010,Int J Behav Nutr Phys Act,Systematic review of the health benefits of physical activity and fitness in school-aged children and youth.,2,review-article; Journal Article,True,Y,PMC2885312,10.1186/1479-5868-7-40
201,31178151,B,2733,120.3,2019,Lancet,Nasopharyngeal carcinoma.,6,Review; Journal Article,False,N,,10.1016/S0140-6736(19)30956-0
202,32217556,B,2714,156.5,2020,BMJ,Clinical characteristics of 113 deceased patients with coronavirus disease 2019: retrospective study.,21,"Research Support, Non-U.S. Gov't; research-article; Journal Article",True,Y,PMC7190011,10.1136/bmj.m1091
203,22253364,B,2699,108.6,2012,JAMA,"Prevalence of obesity and trends in body mass index among US children and adolescents, 1999-2010.",4,Comparative Study; research-article; Journal Article,True,N,PMC6362452,10.1001/jama.2012.40
204,11006371,B,2688,65.4,2000,N Engl J Med,Multiple sclerosis.,4,"Research Support, U.S. Gov't, P.H.S.; Research Support, Non-U.S. Gov't; Review; Journal Article",False,N,,10.1056/NEJM200009283431307
205,31327369,B,2681,187.0,2019,Lancet,Oral diseases: a global public health challenge.,13,Review; Journal Article,False,N,,10.1016/S0140-6736(19)31146-8
206,22579125,B,2677,104.5,2012,Lancet,"Global, regional, and national causes of child mortality: an updated systematic analysis for 2010 with time trends since 2000.",13,"Research Support, Non-U.S. Gov't; Journal Article",True,N,,10.1016/S0140-6736(12)60560-1
207,14645640,B,2667,76.3,2003,N Engl J Med,Surgeon volume and operative mortality in the United States.,6,"Research Support, U.S. Gov't, P.H.S.; Journal Article",True,N,,10.1056/NEJMsa035205
208,10685714,B,2650,78.4,2000,JAMA,The International Registry of Acute Aortic Dissection (IRAD): new insights into an old disease.,25,Multicenter Study; Journal Article,True,N,,10.1001/jama.283.7.897
209,10972429,A,2649,94.2,2000,Soc Sci Med,From social integration to health: Durkheim in the new millennium.,4,Review; Journal Article,False,N,,10.1016/s0277-9536(00)00065-4
210,16684987,B,2645,74.7,2006,JAMA,"Increasing incidence of thyroid cancer in the United States, 1973-2002.",2,"Research Support, U.S. Gov't, Non-P.H.S.; Journal Article",True,N,,10.1001/jama.295.18.2164
211,31609228,B,2640,152.4,2019,Lancet,Frailty: implications for clinical practice and public health.,6,"Research Support, Non-U.S. Gov't; Review; Journal Article",False,N,,10.1016/S0140-6736(19)31786-6
212,12365956,B,2632,83.7,2002,JAMA,"Prevalence and trends in overweight among US children and adolescents, 1999-2000.",4,Journal Article,True,N,,10.1001/jama.288.14.1728
213,22818938,B,2619,116.4,2012,Lancet,Correlates of physical activity: why are some people physically active and others not?,7,Review; Journal Article,False,N,,10.1016/S0140-6736(12)60735-1
214,23915883,B,2613,95.3,2013,Lancet,Comparison of global estimates of prevalence and risk factors for peripheral artery disease in 2000 and 2010: a systematic review and analysis.,11,"Meta-Analysis; Comparative Study; Research Support, Non-U.S. Gov't; Systematic Review; Journal Article",True,N,,10.1016/S0140-6736(13)61249-0
215,38582094,B,2613,489.9,2024,Lancet,"Global burden of 288 causes of death and life expectancy decomposition in 204 countries and territories and 811 subnational locations, 1990-2021: a systematic analysis for the Global Burden of Disease Study 2021.",1,"Research Support, Non-U.S. Gov't; research-article; Journal Article; Research Support, N.I.H., Extramural",True,Y,PMC11126520,10.1016/S0140-6736(24)00367-2
216,11136261,B,2580,46.4,2000,N Engl J Med,Genomic aberrations and survival in chronic lymphocytic leukemia.,9,"Research Support, Non-U.S. Gov't; Evaluation Study; Journal Article",True,N,,10.1056/NEJM200012283432602
217,22356322,B,2577,83.9,2012,N Engl J Med,Colonoscopic polypectomy and long-term prevention of colorectal-cancer deaths.,12,"Research Support, Non-U.S. Gov't; research-article; Journal Article; Research Support, N.I.H., Extramural",True,N,PMC3322371,10.1056/NEJMoa1100370
218,15752534,B,2577,82.1,2005,Lancet,4 million neonatal deaths: when? Where? Why?,4,"Research Support, Non-U.S. Gov't; Research Support, U.S. Gov't, Non-P.H.S.; Journal Article",True,N,,10.1016/S0140-6736(05)71048-5
219,17940231,B,2576,77.5,2007,JAMA,Invasive methicillin-resistant Staphylococcus aureus infections in the United States.,17,"Research Support, U.S. Gov't, P.H.S.; Journal Article",True,N,,10.1001/jama.298.15.1763
220,26193342,B,2574,74.0,2015,Nat Med,The prognostic landscape of genes and infiltrating immune cells across human cancers.,14,"Research Support, Non-U.S. Gov't; research-article; Research Support, U.S. Gov't, Non-P.H.S.; Journal Article; Research Support, N.I.H., Extramural",True,N,PMC4852857,10.1038/nm.3909
221,16554528,B,2554,51.7,2006,N Engl J Med,"Sequence variations in PCSK9, low LDL, and protection against coronary heart disease.",4,"Comparative Study; Research Support, Non-U.S. Gov't; Journal Article; Research Support, N.I.H., Extramural",True,N,,10.1056/NEJMoa054013
222,30196093,A,2553,154.6,2018,Lancet Glob Health,High-quality health systems in the Sustainable Development Goals era: time for a revolution.,32,"Research Support, Non-U.S. Gov't; research-article; Review; Journal Article",False,Y,PMC7734391,10.1016/S2214-109X(18)30386-3
223,20870100,B,2551,74.4,2010,Lancet,Rheumatoid arthritis.,3,"Research Support, Non-U.S. Gov't; Review; Journal Article",False,N,,10.1016/S0140-6736(10)60826-4
224,19465232,B,2549,77.9,2009,Lancet,Type 2 diabetes mellitus after gestational diabetes: a systematic review and meta-analysis.,4,"Meta-Analysis; Research Support, Non-U.S. Gov't; Systematic Review; Journal Article",True,N,,10.1016/S0140-6736(09)60731-5
225,16391218,B,2542,65.3,2006,JAMA,Risk of hepatocellular carcinoma across a biological gradient of serum hepatitis B virus DNA level.,9,"Research Support, Non-U.S. Gov't; Journal Article",True,N,,10.1001/jama.295.1.65
226,38762324,B,2533,500.6,2024,Lancet,"Global burden and strength of evidence for 88 risk factors in 204 countries and 811 subnational locations, 1990-2021: a systematic analysis for the Global Burden of Disease Study 2021.",1,"Research Support, Non-U.S. Gov't; research-article; Journal Article; Research Support, N.I.H., Extramural",True,Y,PMC11120204,10.1016/S0140-6736(24)00933-4
227,21705069,B,2525,83.7,2011,Lancet,"National, regional, and global trends in fasting plasma glucose and diabetes prevalence since 1980: systematic analysis of health examination surveys and epidemiological studies with 370 country-years and 2·7 million participants.",16,"Research Support, Non-U.S. Gov't; Multicenter Study; Review; Journal Article",False,N,,10.1016/S0140-6736(11)60679-X
228,19362699,A,2521,99.6,2009,Am J Prev Med,How we design feasibility studies.,11,"research-article; Journal Article; Research Support, N.I.H., Extramural",True,N,PMC2859314,10.1016/j.amepre.2009.02.002
229,29032195,A,2521,136.2,2017,Lancet Glob Health,Global causes of blindness and distance vision impairment 1990-2020: a systematic review and meta-analysis.,20,Meta-Analysis; Systematic Review; Journal Article,True,N,,10.1016/S2214-109X(17)30393-5
230,26061751,B,2519,77.6,2015,N Engl J Med,"Comprehensive, Integrative Genomic Analysis of Diffuse Lower-Grade Gliomas.",308,"research-article; Journal Article; Research Support, N.I.H., Extramural",True,N,PMC4530011,10.1056/NEJMoa1402121
231,28599680,A,2513,135.6,2017,Int J Behav Nutr Phys Act,Sedentary Behavior Research Network (SBRN) - Terminology Consensus Project process and outcome.,10,research-article; Journal Article,True,Y,PMC5466781,10.1186/s12966-017-0525-8
232,27283160,A,2509,123.8,2017,Int J Epidemiol,Interrupted time series regression for the evaluation of public health interventions: a tutorial.,3,"Research Support, Non-U.S. Gov't; research-article; Journal Article",True,Y,PMC5407170,10.1093/ije/dyw098
233,15870416,B,2509,66.1,2005,JAMA,"Incidence, predictors, and outcome of thrombosis after successful implantation of drug-eluting stents.",17,Multicenter Study; Journal Article,True,N,,10.1001/jama.293.17.2126
234,19952319,B,2505,77.0,2009,JAMA,International study of the prevalence and outcomes of infection in intensive care units.,12,Multicenter Study; Journal Article,True,N,,10.1001/jama.2009.1754
235,30146330,B,2501,126.1,2018,Lancet,"Alcohol use and burden for 195 countries and territories, 1990-2016: a systematic analysis for the Global Burden of Disease Study 2016.",1,"Meta-Analysis; Research Support, Non-U.S. Gov't; research-article; Review; Journal Article; Research Support, N.I.H., Extramural",False,Y,PMC6148333,10.1016/S0140-6736(18)31310-2
236,26994063,A,2491,91.0,2016,Am J Epidemiol,Using Big Data to Emulate a Target Trial When a Randomized Trial Is Not Available.,2,"research-article; Journal Article; Research Support, N.I.H., Extramural",True,N,PMC4832051,10.1093/aje/kwv254
237,16581405,B,2485,82.0,2006,Lancet,WHO analysis of causes of maternal death: a systematic review.,5,"Research Support, Non-U.S. Gov't; Systematic Review; Journal Article",True,N,,10.1016/S0140-6736(06)68397-9
238,10861325,B,2483,72.7,2000,N Engl J Med,"Randomized, controlled trials, observational studies, and the hierarchy of research designs.",3,"Comparative Study; research-article; Research Support, U.S. Gov't, Non-P.H.S.; Journal Article",True,N,PMC1557642,10.1056/NEJM200006223422507
239,24225001,B,2480,81.7,2014,Lancet,Colorectal cancer.,3,Review; Journal Article,False,N,,10.1016/S0140-6736(13)61649-9
240,24385661,A,2454,103.8,2014,Public Health Rep,The social determinants of health: it's time to consider the causes of the causes.,2,research-article; Review; Journal Article,False,N,PMC3863696,10.1177/00333549141291S206
241,30415748,B,2449,126.8,2018,Lancet,"Global, regional, and national disability-adjusted life-years (DALYs) for 359 diseases and injuries and healthy life expectancy (HALE) for 195 countries and territories, 1990-2017: a systematic analysis for the Global Burden of Disease Study 2017.",1,Comparative Study; research-article; Journal Article,True,Y,PMC6252083,10.1016/S0140-6736(18)32335-3
242,33275949,A,2447,217.8,2021,Lancet Glob Health,"Causes of blindness and vision impairment in 2020 and trends over 30 years, and prevalence of avoidable blindness in relation to VISION 2020: the Right to Sight: an analysis for the Global Burden of Disease Study.",2,"Meta-Analysis; Research Support, Non-U.S. Gov't; research-article; Systematic Review; Research Support, U.S. Gov't, Non-P.H.S.; Journal Article; Research Support, N.I.H., Extramural",True,Y,PMC7820391,10.1016/S2214-109X(20)30489-7
243,20335585,B,2439,77.4,2010,N Engl J Med,Prevalence of diabetes among men and women in China.,21,"Research Support, Non-U.S. Gov't; Journal Article",True,N,,10.1056/NEJMoa0908292
244,22018588,A,2438,95.9,2011,Int J Behav Nutr Phys Act,Validity of the International Physical Activity Questionnaire Short Form (IPAQ-SF): a systematic review.,4,"Research Support, Non-U.S. Gov't; Systematic Review; review-article; Journal Article",True,Y,PMC3214824,10.1186/1479-5868-8-115
245,14710506,A,2433,75.8,2003,Bull World Health Organ,Burden of major musculoskeletal conditions.,2,review-article; Review; Journal Article,False,N,PMC2572542,
246,19560604,B,2432,83.3,2009,Lancet,Global burden of disease and injury and economic cost attributable to alcohol use and alcohol-use disorders.,6,"Research Support, Non-U.S. Gov't; Journal Article",True,N,,10.1016/S0140-6736(09)60746-7
247,15577930,B,2422,65.7,2004,Nat Med,"Antibacterial resistance worldwide: causes, challenges and responses.",2,Review; Journal Article,False,N,,10.1038/nm1145
248,19423869,B,2417,68.9,2009,N Engl J Med,Emergence of a novel swine-origin influenza A (H1N1) virus in humans.,11,Journal Article,True,N,,10.1056/NEJMoa0903810
249,21802721,B,2411,65.3,2011,Lancet,Relevance of breast cancer hormone receptors and other factors to the efficacy of adjuvant tamoxifen: patient-level meta-analysis of randomised trials.,14,"Meta-Analysis; Research Support, Non-U.S. Gov't; research-article; Journal Article",True,Y,PMC3163848,10.1016/S0140-6736(11)60993-8
250,27174304,B,2402,133.7,2016,Lancet,Our future: a Lancet commission on adolescent health and wellbeing.,30,"Research Support, Non-U.S. Gov't; research-article; Review; Journal Article",False,N,PMC5832967,10.1016/S0140-6736(16)00579-1
