rank,pmid,pool,citations,rcr,year,journal,title,n_authors,pub_types,is_research_article,open_access,pmcid,doi,matched_to
,33069324,B,478,28.4,2020,Lancet,Five insights from the Global Burden of Disease Study 2019.,1,"Research Support, Non-U.S. Gov't; research-article; Review; Journal Article",False,N,PMC7116361,10.1016/S0140-6736(20)31404-5,33069326
,32919518,B,212,12.3,2020,Lancet,Complicated pneumonia in children.,6,Review; Journal Article,False,N,,10.1016/S0140-6736(20)31550-6,33069326
,32278371,B,146,9.6,2020,Lancet,Centring sexual and reproductive health and justice in the global COVID-19 response.,9,discussion; Journal Article,True,Y,PMC7146687,10.1016/S0140-6736(20)30801-1,33069326
,32154849,B,5,0.3,2020,JAMA,Measles as Metaphor-What Resurgence Means for the Future of Immunization.,2,Journal Article,True,N,,10.1001/jama.2020.1372,32091533
,33185657,B,105,4.7,2020,JAMA,Hospital-Acquired SARS-CoV-2 Infection: Lessons for Public Health.,3,Journal Article,True,N,,10.1001/jama.2020.21399,32091533
,32259229,B,126,7.8,2020,JAMA,Association Between Celiac Disease and Mortality Risk in a Swedish Population.,5,"Research Support, Non-U.S. Gov't; research-article; Journal Article",True,N,PMC7139272,10.1001/jama.2020.1943,32091533
,35843246,B,454,43.9,2022,Lancet,"Population-level risks of alcohol consumption by amount, geography, age, sex, and year: a systematic analysis for the Global Burden of Disease Study 2020.",1,research-article; Journal Article,True,Y,PMC9289789,10.1016/S0140-6736(22)00847-9,35065702
,35123665,B,63,5.0,2022,Lancet,COVID-19 in Europe: new challenges for addressing vaccine hesitancy.,4,discussion; Journal Article,True,Y,PMC8813064,10.1016/S0140-6736(22)00150-7,35065702
,36154682,B,11,1.1,2022,Lancet,War driving cholera in Syria.,1,Journal Article,True,N,,10.1016/S0140-6736(22)01836-0,35065702
,29784146,B,394,16.0,2018,Lancet,Trends in cause-specific mortality among adults with and without diagnosed diabetes in the USA: an epidemiological analysis of linked national survey and vital statistics data.,7,Journal Article,True,N,,10.1016/S0140-6736(18)30314-3,30496104
,30541664,B,18,0.8,2019,Lancet,70 years of human rights in global health: drawing on a contentious past to secure a hopeful future.,5,Historical Article; discussion; Journal Article,False,Y,PMC7137746,10.1016/S0140-6736(18)32997-0,30496104
,30314860,B,319,18.8,2018,Lancet,Implementation research: new imperatives and opportunities in global health.,13,"Research Support, Non-U.S. Gov't; Research Support, U.S. Gov't, Non-P.H.S.; Journal Article",True,N,,10.1016/S0140-6736(18)32205-0,30496104
,22019145,B,61,2.6,2012,Lancet,Global health learning outcomes for medical students in the UK.,9,Journal Article,True,N,,10.1016/S0140-6736(11)61582-1,23245604
,23000291,B,70,2.2,2012,Lancet,"Countdown to 2015: changes in official development assistance to maternal, newborn, and child health in 2009-10, and assessment of progress since 2003.",5,"Research Support, Non-U.S. Gov't; Journal Article",True,N,,10.1016/S0140-6736(12)61415-9,23245604
,22413142,B,2,0.1,2012,Lancet,Knowing its place: mapping as medical investigation.,1,Historical Article; Journal Article,False,N,,10.1016/s0140-6736(12)60383-3,23245604
,15364190,B,140,4.5,2004,Lancet,"Antenatal anthelmintic treatment, birthweight, and infant survival in rural Nepal.",3,"Research Support, Non-U.S. Gov't; Research Support, U.S. Gov't, Non-P.H.S.; Journal Article",True,N,,10.1016/S0140-6736(04)17023-2,14726171
,15451208,B,17,0.8,2004,Lancet,Three meetings and fewer funerals--misoprostol in postpartum haemorrhage.,2,Journal Article,True,N,,10.1016/S0140-6736(04)17120-1,14726171
,15288720,B,2,0.1,2004,Lancet,Evidence-based staging system for malignant melanoma: is new necessarily better?,2,Journal Article,True,N,,10.1016/S0140-6736(04)16780-9,14726171
,32492297,B,3,0.1,2020,N Engl J Med,Of Heroes and Cowards.,1,Personal Narrative; Journal Article,True,N,,10.1056/NEJMp2013266,31995857
,32598831,B,1945,100.0,2020,N Engl J Med,Multisystem Inflammatory Syndrome in U.S. Children and Adolescents.,47,"Research Support, U.S. Gov't, P.H.S.; research-article; Multicenter Study; Journal Article",True,Y,PMC7346765,10.1056/NEJMoa2021680,31995857
,32227758,B,1772,99.0,2020,N Engl J Med,Covid-19 in Critically Ill Patients in the Seattle Region - Case Series.,18,"research-article; Multicenter Study; Journal Article; Research Support, N.I.H., Extramural",True,Y,PMC7143164,10.1056/NEJMoa2004500,31995857
,15234931,A,30,1.1,2004,Am J Epidemiol,Mifepristone-induced early abortion and outcome of subsequent wanted pregnancy.,9,"Research Support, Non-U.S. Gov't; Multicenter Study; Journal Article",True,N,,10.1093/aje/kwh182,15033648
,15383414,A,23,0.7,2004,Am J Epidemiol,Bias due to aggregation of individual covariates in the Cox regression model.,7,"Research Support, Non-U.S. Gov't; Journal Article",True,N,,10.1093/aje/kwh266,15033648
,15229122,A,31,1.2,2004,Am J Epidemiol,Indirect estimation of Chlamydia screening coverage using public health surveillance data.,4,Journal Article,True,N,,10.1093/aje/kwh162,15033648
,25455248,B,940,44.8,2014,Lancet,Non-psychotic mental disorders in the perinatal period.,6,Review; Journal Article,False,N,,10.1016/S0140-6736(14)61276-9,24880830
,24671080,B,257,10.0,2014,Lancet,Incidence of multidrug-resistant tuberculosis disease in children: systematic review and global estimates.,9,"Research Support, Non-U.S. Gov't; research-article; Systematic Review; Journal Article; Research Support, N.I.H., Extramural",True,N,PMC4094366,10.1016/S0140-6736(14)60195-1,24880830
,23992774,B,2772,119.8,2014,Lancet,Delirium in elderly people.,3,"Research Support, Non-U.S. Gov't; research-article; Review; Journal Article; Research Support, N.I.H., Extramural",False,N,PMC4120864,10.1016/S0140-6736(13)60688-1,24880830
,15065564,B,8,0.2,2004,Lancet,Basing treatment on rights rather than ability to pay: 3 by 5.,1,Journal Article,True,N,,10.1016/S0140-6736(04)15846-7,15364185
,14724002,B,33,1.4,2004,Lancet,Obstetric fistula: the international response.,2,Journal Article,True,N,,10.1016/S0140-6736(03)15177-X,15364185
,15135605,B,90,2.6,2004,Lancet,The future of rotavirus vaccines: a major setback leads to new opportunities.,5,Journal Article,True,N,,10.1016/S0140-6736(04)16155-2,15364185
,32061284,B,39,1.8,2020,Lancet,Africa prepares for coronavirus.,1,other; Journal Article,True,Y,PMC7133753,10.1016/S0140-6736(20)30355-X,32738937
,32007142,B,464,26.6,2020,Lancet,Mortality impact of achieving WHO cervical cancer elimination targets: a comparative modelling analysis in 78 low-income and lower-middle-income countries.,23,research-article; Journal Article,True,Y,PMC7043006,10.1016/S0140-6736(20)30157-4,32738937
,32007145,B,7379,424.7,2020,Lancet,Genomic characterisation and epidemiology of 2019 novel coronavirus: implications for virus origins and receptor binding.,35,research-article; Journal Article,True,Y,PMC7159086,10.1016/S0140-6736(20)30251-8,32738937
,26203169,A,54,2.3,2015,Int J Epidemiol,Re-analysis of health and educational impacts of a school-based deworming programme in western Kenya: a pure replication.,4,"Research Support, Non-U.S. Gov't; research-article; Randomized Controlled Trial; Journal Article",True,Y,PMC4681107,10.1093/ije/dyv127,26050253
,25855719,A,8,0.3,2015,Int J Epidemiol,"Debating interaction: the history, and an explanation.",1,Review; Journal Article,False,N,,10.1093/ije/dyv053,26050253
,25183748,A,11,0.4,2015,Int J Epidemiol,Cohort Profile: The National Academy of Sciences-National Research Council Twin Registry (NAS-NRC Twin Registry).,9,"research-article; Journal Article; Research Support, N.I.H., Extramural",True,N,PMC4521123,10.1093/ije/dyu181,26050253
,33049223,B,626,36.7,2020,Lancet,Irritable bowel syndrome.,4,"Research Support, Non-U.S. Gov't; Review; Journal Article",False,N,,10.1016/S0140-6736(20)31548-8,32112714
,32446403,B,55,2.8,2020,Lancet,England and Wales see 20 000 excess deaths in care homes.,1,other; Journal Article,True,Y,PMC7241982,10.1016/S0140-6736(20)31199-5,32112714
,32593330,B,2,0.1,2020,Lancet,Access to health care under threat in Afghanistan.,1,other; Journal Article,True,Y,PMC7316460,10.1016/S0140-6736(20)31447-1,32112714
,12114040,B,108,3.1,2002,Lancet,Declining HIV-1 incidence and associated prevalence over 10 years in a rural population in south-west Uganda: a cohort study.,7,"Research Support, Non-U.S. Gov't; Journal Article",True,N,,10.1016/s0140-6736(02)09331-5,12493255
,12504416,B,2,0.0,2002,Lancet,Country gardens.,1,Journal Article,True,N,,10.1016/S0140-6736(02)11996-9,12493255
,11809206,B,18,0.7,2002,Lancet,Albumin and hypovolaemia: is the Cochrane evidence to be trusted?,1,Journal Article,True,N,,10.1016/S0140-6736(02)07285-9,12493255
,22284644,B,40,1.4,2012,Lancet,Optimisation of mass chemotherapy to control soil-transmitted helminth infection.,4,"Research Support, Non-U.S. Gov't; Journal Article",True,N,,10.1016/S0140-6736(12)60120-2,23245609
,22883490,B,7,0.3,2012,Lancet,"Hypertension: treatments, diabetes, and developing regions.",1,Journal Article,True,N,,10.1016/S0140-6736(12)61219-7,23245609
,22717317,B,577,17.1,2012,Lancet,Risk of coronary events in people with chronic kidney disease compared with those with diabetes: a population-level cohort study.,9,"Comparative Study; Research Support, Non-U.S. Gov't; Journal Article",True,N,,10.1016/S0140-6736(12)60572-8,23245609
,16953660,B,55,1.4,2006,PLoS Med,Noncommunicable diseases and injuries in Latin America and the Caribbean: time for action.,4,other; Review; Journal Article,False,Y,PMC1570186,10.1371/journal.pmed.0030344,17132052
,16509768,B,57,1.8,2006,PLoS Med,Telemedicine in rural India.,1,other; Journal Article,True,Y,PMC1420376,10.1371/journal.pmed.0030082,17132052
,16729843,B,345,12.4,2006,PLoS Med,Confronting the neglected problem of snake bite envenoming: the need for a global partnership.,3,"other; Research Support, Non-U.S. Gov't; Journal Article",True,Y,PMC1472552,10.1371/journal.pmed.0030150,17132052
,32828186,B,178,10.7,2020,Lancet,"Venoarterial extracorporeal membrane oxygenation to rescue sepsis-induced cardiogenic shock: a retrospective, multicentre, international cohort study.",18,Multicenter Study; Journal Article,True,N,,10.1016/S0140-6736(20)30733-9,33069327
,32711786,B,9,0.5,2020,Lancet,Ukrainian health authorities adopt hepatitis C project.,1,other; Journal Article,True,Y,PMC7377752,10.1016/S0140-6736(20)31639-1,33069327
,32679111,B,511,27.5,2020,Lancet,COVID-19 pandemic and admission rates for and management of acute coronary syndromes in England.,20,research-article; Journal Article,True,Y,PMC7429983,10.1016/S0140-6736(20)31356-8,33069327
,23206835,B,124,4.6,2013,Lancet,Antiretroviral therapy to prevent HIV transmission in serodiscordant couples in China (2003-11): a national observational cohort study.,27,"Research Support, Non-U.S. Gov't; Journal Article",True,N,,10.1016/S0140-6736(12)61898-4,23245608
,22553828,B,2,0.1,2012,Lancet,Adolescent health comes of age.,1,Journal Article,True,N,,10.1016/s0140-6736(12)60666-7,23245608
,23084441,B,2,0.1,2012,Lancet,15 years of APOC--a lifetime of public health evidence.,5,Journal Article,True,N,,10.1016/S0140-6736(12)60723-5,23245608
,16849661,B,429,12.8,2006,JAMA,Migraine and risk of cardiovascular disease in women.,6,"Research Support, Non-U.S. Gov't; Journal Article; Research Support, N.I.H., Extramural",True,N,,10.1001/jama.296.3.283,16595758
,16720822,B,339,8.3,2006,JAMA,Risk of developing colorectal cancer following a negative colonoscopy examination: evidence for a 10-year interval between colonoscopies.,5,"Research Support, Non-U.S. Gov't; Journal Article",True,N,,10.1001/jama.295.20.2366,16595758
,17164455,B,395,10.1,2006,JAMA,Relationship between Medicare's hospital compare performance measures and mortality rates.,2,"Research Support, U.S. Gov't, Non-P.H.S.; Journal Article",True,N,,10.1001/jama.296.22.2694,16595758
,17522400,B,381,12.9,2007,N Engl J Med,Level and volume of neonatal intensive care and mortality in very-low-birth-weight infants.,6,"Research Support, U.S. Gov't, P.H.S.; Journal Article; Research Support, N.I.H., Extramural",True,N,,10.1056/NEJMsa065029,18046031
,18032764,B,137,4.1,2007,N Engl J Med,Lung transplantation and survival in children with cystic fibrosis.,4,"Research Support, Non-U.S. Gov't; research-article; Journal Article",True,N,PMC2522236,10.1056/NEJMoa066359,18046031
,18094380,B,1436,39.8,2007,N Engl J Med,Infection in solid-organ transplant recipients.,1,Review; Journal Article,False,N,,10.1056/NEJMra064928,18046031
,33038955,B,16,1.0,2020,Lancet,2·5 million more child marriages due to COVID-19 pandemic.,1,other; Journal Article,True,Y,PMC7544458,10.1016/S0140-6736(20)32112-7,31954465
,32007150,B,37,2.2,2020,Lancet,Lancet Migration: global collaboration to advance migration health.,7,Journal Article,True,N,,10.1016/S0140-6736(20)30107-0,31954465
,32305072,B,40,1.9,2020,Lancet,Strengthening accountability of the global health metrics enterprise.,2,review-article; Review; Journal Article,False,Y,PMC7162633,10.1016/S0140-6736(20)30416-5,31954465
,17242751,A,5,0.2,2007,Bull World Health Organ,Polio will soon be history.,2,news; Interview,False,N,PMC2636221,10.2471/blt.07.100107,18026621
,17308733,A,5,0.1,2007,Bull World Health Organ,"Flows of financial resources for health research and development in Brazil, 2000-2002.",7,"Research Support, Non-U.S. Gov't; research-article; Journal Article",True,N,PMC2636283,10.2471/blt.06.032383,18026621
,17546307,A,111,3.8,2007,Bull World Health Organ,"Determinants of womens participation in cervical cancer screening trial, Maharashtra, India.",10,"Research Support, Non-U.S. Gov't; research-article; Randomized Controlled Trial; Journal Article",True,N,PMC2636321,10.2471/blt.06.031195,18026621
,22285053,B,281,6.6,2012,Lancet,"A practical molecular assay to predict survival in resected non-squamous, non-small-cell lung cancer: development and international validation studies.",29,"Research Support, Non-U.S. Gov't; research-article; Validation Study; Journal Article",True,N,PMC3294002,10.1016/S0140-6736(11)61941-7,23245607
,22464386,B,414,16.9,2012,Lancet,"Equity in maternal, newborn, and child health interventions in Countdown to 2015: a retrospective review of survey data from 54 countries.",9,"Comparative Study; Research Support, Non-U.S. Gov't; Review; Journal Article",False,N,,10.1016/S0140-6736(12)60113-5,23245607
,22541569,B,0,,2012,Lancet,Omar Ghannoum: an irresistible force for change.,1,Historical Article; Biography; Portrait; Journal Article,False,N,,10.1016/S0140-6736(12)60665-5,23245607
,29407018,B,32,1.2,2018,Lancet,The global fight against cancer: challenges and opportunities.,2,Journal Article,True,N,,10.1016/S0140-6736(18)30156-9,30496103
,29784146,B,394,16.0,2018,Lancet,Trends in cause-specific mortality among adults with and without diagnosed diabetes in the USA: an epidemiological analysis of linked national survey and vital statistics data.,7,Journal Article,True,N,,10.1016/S0140-6736(18)30314-3,30496103
,28882382,B,527,27.4,2018,Lancet,Soil-transmitted helminth infections.,4,Review; Journal Article,False,N,,10.1016/S0140-6736(17)31930-X,30496103
,24399570,B,2,0.1,2014,JAMA,Childish habit.,0,Historical Article; Journal Article,False,N,,10.1001/jama.2013.279271,24570244
,24643617,B,1,0.0,2014,JAMA,Surgery and fatal pulmonary embolism.,0,Historical Article; Journal Article,False,N,,10.1001/jama.2013.279397,24570244
,25247513,B,1,0.0,2014,JAMA,A piece of my mind. Code green.,1,Journal Article,True,N,,10.1001/jama.2014.5242,24570244
,14532319,B,426,13.0,2003,JAMA,Safety of patients isolated for infection control.,3,"Research Support, U.S. Gov't, P.H.S.; Research Support, Non-U.S. Gov't; Journal Article",True,N,,10.1001/jama.290.14.1899,12813115
,14532315,B,734,23.5,2003,JAMA,"Excess length of stay, charges, and mortality attributable to medical injuries during hospitalization.",2,Evaluation Study; Journal Article,True,N,,10.1001/jama.290.14.1868,12813115
,12941682,B,0,,2003,JAMA,A 41-year-old woman with chronic myelogenous leukemia.,1,"Research Support, Non-U.S. Gov't; Clinical Conference; Journal Article; Case Reports",False,N,,10.1001/jama.290.8.1083,12813115
,28792413,B,131,5.7,2017,Lancet,Human reproduction and health: an evolutionary perspective.,5,"Research Support, Non-U.S. Gov't; Review; Journal Article",False,N,,10.1016/S0140-6736(17)30573-1,28919117
,28195047,B,0,,2017,Lancet,"Australia's new coal mine plan: a ""public health disaster"".",1,Journal Article,True,N,,10.1016/S0140-6736(17)30329-X,28919117
,28872022,B,18,0.4,2017,Lancet,Lung cancer.,1,Journal Article,True,N,,10.1016/S0140-6736(17)32243-2,28919117
,28591541,B,138,7.1,2017,N Engl J Med,Lithium Use in Pregnancy and the Risk of Cardiac Malformations.,8,Comparative Study; research-article; Journal Article,True,N,PMC5667676,10.1056/NEJMoa1612222,28604169
,28528558,B,56,2.1,2017,N Engl J Med,State Sepsis Mandates - A New Era for Regulation of Hospital Quality.,2,Journal Article,True,N,,10.1056/NEJMp1611928,28604169
,27973993,B,232,12.3,2017,N Engl J Med,"""Zombie"" Outbreak Caused by the Synthetic Cannabinoid AMB-FUBINACA in New York.",6,Journal Article,True,N,,10.1056/NEJMoa1610300,28604169
,17920116,B,46,1.5,2008,Lancet,"Tobacco smoking, harm reduction, and nicotine product regulation.",2,Review; Journal Article,False,N,,10.1016/S0140-6736(07)61482-2,18177778
,18687462,B,145,4.7,2008,Lancet,"""Know your epidemic, know your response"": a useful approach, if we get it right.",2,Review; Journal Article,False,N,,10.1016/S0140-6736(08)60883-1,18177778
,18790322,B,163,5.6,2008,Lancet,Primary health care: making Alma-Ata a reality.,9,Journal Article,True,N,,10.1016/S0140-6736(08)61409-9,18177778
,12724482,B,1003,19.5,2003,N Engl J Med,ZAP-70 expression as a surrogate for immunoglobulin-variable-region mutations in chronic lymphocytic leukemia.,10,"Research Support, Non-U.S. Gov't; Journal Article",True,N,,10.1056/NEJMoa023143,12711737
,12917301,B,56,1.6,2003,N Engl J Med,Psychiatric hospitalizations among survivors of cancer in childhood or adolescence.,7,"Research Support, Non-U.S. Gov't; Journal Article",True,N,,10.1056/NEJMoa022672,12711737
,12540652,B,8,0.2,2003,N Engl J Med,Is the match illegal?,1,Journal Article,True,N,,10.1056/NEJMsb021241,12711737
,26382984,B,0,,2015,Lancet,"Eva Harris: making science democratic, and sustainable.",1,Historical Article; Biography; Journal Article,False,N,,10.1016/S0140-6736(15)00160-9,25530442
,26461893,B,1,0.0,2015,Lancet,How is comorbidity lived?,1,Journal Article; Case Reports,True,N,,10.1016/S0140-6736(15)00210-X,25530442
,26341945,B,764,38.0,2016,Lancet,Infective endocarditis.,2,"Research Support, Non-U.S. Gov't; Review; Journal Article",False,N,,10.1016/S0140-6736(15)00067-7,25530442
,27502078,B,1194,48.0,2017,Lancet,Acute myocardial infarction.,3,Review; Journal Article,False,N,,10.1016/S0140-6736(16)30677-8,29029897
,28745591,B,49,2.2,2017,Lancet,90-90-90 and ending AIDS: necessary and feasible.,4,"Research Support, Non-U.S. Gov't; Journal Article",True,N,,10.1016/S0140-6736(17)31872-X,29029897
,28911921,B,19,1.0,2017,Lancet,Using data to tackle the burden of amputation in diabetes.,5,Journal Article,True,N,,10.1016/S0140-6736(17)32401-7,29029897
,32247397,B,27,1.3,2020,Lancet,The case for replacing live oral polio vaccine with inactivated vaccine in the Americas.,6,research-article; Review; Journal Article,False,N,PMC8572547,10.1016/S0140-6736(20)30213-0,32061315
,32758428,B,37,1.6,2020,Lancet,COVID-19 spread in the UK: the end of the beginning?,5,discussion; Journal Article,True,Y,PMC7398685,10.1016/S0140-6736(20)31689-5,32061315
,32145780,B,2,0.1,2020,Lancet,Hope for the Ebola outbreak in DR Congo.,1,Journal Article,True,N,,10.1016/S0140-6736(20)30495-5,32061315
,23245595,B,166,5.9,2012,Lancet,"GBD 2010: understanding disease, injury, and risk.",1,Introductory Journal Article,False,N,,10.1016/S0140-6736(12)62133-3,22818936
,23141618,B,217,8.0,2012,Lancet,Advances in treatment of bacterial meningitis.,4,Review; Journal Article,False,N,,10.1016/S0140-6736(12)61186-6,22818936
,23084441,B,2,0.1,2012,Lancet,15 years of APOC--a lifetime of public health evidence.,5,Journal Article,True,N,,10.1016/S0140-6736(12)60723-5,22818936
,15850637,B,42,1.3,2005,Lancet,Malaria control in Afghanistan: progress and challenges.,5,"Research Support, Non-U.S. Gov't; Journal Article",True,N,,10.1016/S0140-6736(05)66423-9,15652604
,16023514,B,45,2.1,2005,Lancet,Abdominal injury due to child abuse.,6,"Research Support, Non-U.S. Gov't; Journal Article",True,N,,10.1016/S0140-6736(05)66913-9,15652604
,15866295,B,49,1.5,2005,Lancet,World Diabetes Day: footing the bill.,2,Journal Article,True,N,,10.1016/S0140-6736(05)66437-9,15652604
,21059808,A,77,2.3,2011,Am J Epidemiol,Long-term effects of wealth on mortality and self-rated health status.,5,"Research Support, U.S. Gov't, P.H.S.; Research Support, Non-U.S. Gov't; research-article; Journal Article",True,N,PMC3139960,10.1093/aje/kwq348,21330339
,21878423,A,111,4.6,2011,Am J Epidemiol,Association of prenatal exposure to polybrominated diphenyl ethers and infant birth weight.,6,"research-article; Research Support, U.S. Gov't, Non-P.H.S.; Journal Article; Research Support, N.I.H., Extramural",True,N,PMC3218633,10.1093/aje/kwr212,21330339
,21076051,A,13,0.4,2011,Am J Epidemiol,"Vitamin D receptor genotypes, ultraviolet radiation exposure, and risk of non-Hodgkin lymphoma.",7,"Comparative Study; Research Support, Non-U.S. Gov't; Journal Article",True,N,,10.1093/aje/kwq340,21330339
,22296810,B,142,6.1,2012,Lancet,Burn size and survival probability in paediatric patients in modern burn care: a prospective observational cohort study.,6,"Research Support, Non-U.S. Gov't; research-article; Journal Article; Research Support, N.I.H., Extramural",True,N,PMC3319312,10.1016/S0140-6736(11)61345-7,22579043
,23176801,B,3,0.1,2012,Lancet,On the state of public health in England.,3,Journal Article,True,N,,10.1016/S0140-6736(12)61955-2,22579043
,22152853,B,1646,47.0,2012,Lancet,"Comparisons between different polychemotherapy regimens for early breast cancer: meta-analyses of long-term outcome among 100,000 women in 123 randomised trials.",18,"Meta-Analysis; Comparative Study; Research Support, Non-U.S. Gov't; research-article; Journal Article",True,Y,PMC3273723,10.1016/S0140-6736(11)61625-5,22579043
,32061280,B,48,3.4,2020,Lancet,Learning health systems: an empowering agenda for low-income and middle-income countries.,9,Journal Article,True,N,,10.1016/S0140-6736(19)33134-4,31986261
,32105610,B,23,1.0,2020,Lancet,Scientists are sprinting to outpace the novel coronavirus.,2,discussion; Journal Article,True,Y,PMC7159275,10.1016/S0140-6736(20)30420-7,31986261
,33038957,B,7,0.4,2020,Lancet,"COVID-19, comics, and the visual culture of contagion.",4,news; Journal Article,True,Y,PMC7544439,10.1016/S0140-6736(20)32084-5,31986261
,11730455,B,2,0.1,2001,JAMA,msJAMA: the worldwide tobacco treaty.,2,Journal Article,True,N,,,11343485
,11759632,B,3,0.1,2001,JAMA,"From the Centers for Disease Control and Prevention. Self-reported asthma prevalence among adults--United States, 2000.",0,Journal Article,True,N,,,11343485
,11529241,B,0,,2001,JAMA,"From the Centers for Disease Control and Prevention. West Nile virus activity--Eastern United States, 2001.",0,Journal Article,True,N,,,11343485
,28390697,B,1338,59.0,2017,Lancet,"Smoking prevalence and attributable disease burden in 195 countries and territories, 1990-2015: a systematic analysis from the Global Burden of Disease Study 2015.",1,research-article; Journal Article,True,Y,PMC5439023,10.1016/S0140-6736(17)30819-X,29050646
,28673424,B,362,16.3,2017,Lancet,Measles.,1,Review; Journal Article,False,N,,10.1016/S0140-6736(17)31463-0,29050646
,28816128,B,1,0.0,2017,Lancet,Treating and preventing cholera in Bangladesh.,1,Journal Article,True,N,,10.1016/S0140-6736(17)32208-0,29050646
,24029166,B,204,8.3,2013,Lancet,Effect of the first federally funded US antismoking national media campaign.,5,"Research Support, U.S. Gov't, P.H.S.; Journal Article",True,N,,10.1016/S0140-6736(13)61686-4,23746772
,23352552,B,227,8.0,2013,Lancet,"Effects of folic acid supplementation on overall and site-specific cancer incidence during the randomised trials: meta-analyses of data on 50,000 individuals.",24,"Meta-Analysis; Research Support, Non-U.S. Gov't; research-article; Journal Article",True,N,PMC3836669,10.1016/S0140-6736(12)62001-7,23746772
,24054525,B,4,0.2,2013,Lancet,The world we want: an end to child marriage.,3,Journal Article,True,N,,10.1016/S0140-6736(13)61944-3,23746772
,11911760,B,10,0.2,2002,JAMA,A 75-year-old man with depression.,1,"Research Support, Non-U.S. Gov't; Clinical Conference; Journal Article; Case Reports",False,N,,10.1001/jama.287.12.1568,11790215
,12492097,B,3,0.1,2002,JAMA,From the Centers for Disease Control and Prevention. Update: fatal and severe liver injuries associated with rifampin and pyrazinamide treatment for latent tuberculosis infection.,0,Journal Article,True,N,,10.1001/jama.288.23.2967-jwr1218-6-1,11790215
,11797625,B,1,0.0,2002,JAMA,"From the Centers for Disease Control and Prevention. Shigella sonnei outbreak among men who have sex with men--San Francisco, California, 2000-2001.",0,Journal Article,True,N,,,11790215
,26530611,B,0,,2015,Lancet,Moffat Nyirenda: investigating diabetes and other NCDs in Malawi.,1,Historical Article; Biography; Journal Article,False,N,,10.1016/S0140-6736(15)00479-1,26063472
,25698552,B,2,0.1,2015,Lancet,Universal health coverage: reaching a consensus.,1,Journal Article,True,N,,10.1016/S0140-6736(15)60129-5,26063472
,25684585,B,330,12.5,2015,Lancet,Menopausal hormone use and ovarian cancer risk: individual participant meta-analysis of 52 epidemiological studies.,7,"Meta-Analysis; Research Support, Non-U.S. Gov't; research-article; Journal Article",True,Y,PMC4427760,10.1016/S0140-6736(14)61687-1,26063472
,27814963,B,191,7.0,2017,Lancet,Interventions to close the divide for women with breast and cervical cancer between low-income and middle-income countries and high-income countries.,10,Review; Journal Article,False,N,,10.1016/S0140-6736(16)31795-0,26869575
,27475270,B,588,33.1,2016,Lancet,Progress in physical activity over the Olympic quadrennium.,11,Review; Journal Article,False,N,,10.1016/S0140-6736(16)30581-5,26869575
,27397775,B,4,0.1,2016,Lancet,The French experience of the threat posed by Zika virus.,5,Journal Article,True,N,,10.1016/S0140-6736(16)30509-8,26869575
,31106739,B,2,0.1,2019,Lancet,Low-cost pneumonia vaccine breaks into global market.,1,Journal Article,True,N,,10.1016/S0140-6736(19)31084-0,30660336
,31837813,B,7,0.6,2020,Lancet,Surviving or thriving in the Eastern Mediterranean region: the quest for universal health coverage during conflict.,3,Journal Article,True,N,,10.1016/S0140-6736(19)33061-2,30660336
,30910295,B,0,,2019,Lancet,Anthony Fauci: fighting HIV/AIDS from the beginning.,1,Historical Article; Biography; Journal Article,False,N,,10.1016/S0140-6736(19)30580-X,30660336
,38762314,B,0,,2024,Lancet,Miriam Mutebi: transforming breast cancer care in Africa.,1,Historical Article; Biography; Portrait; Journal Article,False,N,,10.1016/S0140-6736(24)00976-0,38642570
,39244274,B,2,0.2,2024,Lancet,Congenital syphilis in a 2-month-old infant during Japanese outbreak.,5,Journal Article; Case Reports,True,N,,10.1016/S0140-6736(24)01685-4,38642570
,39426387,B,20,3.2,2024,Lancet,"Genetic sequencing analysis of monkeypox virus clade I in Republic of the Congo: a cross-sectional, descriptive study.",16,"Research Support, N.I.H., Intramural; Journal Article",True,N,,10.1016/S0140-6736(24)02188-3,38642570
,35896121,A,6,0.7,2022,Lancet Public Health,Closing the gap for drowning prevention across Europe.,5,discussion; Journal Article,True,Y,PMC9433330,10.1016/S2468-2667(22)00193-1,34998485
,35907420,A,22,2.5,2022,Lancet Public Health,"Mapping emergency department asthma visits to identify poor-quality housing in New Haven, CT, USA: a retrospective cohort study.",9,"Research Support, Non-U.S. Gov't; research-article; Journal Article; Research Support, N.I.H., Extramural",True,Y,PMC9387147,10.1016/S2468-2667(22)00143-8,34998485
,34774200,A,78,9.3,2022,Lancet Public Health,Hazardous alcohol use and alcohol-related harm in rural and remote communities: a scoping review.,12,"Scoping Review; Research Support, Non-U.S. Gov't; Journal Article",True,N,,10.1016/S2468-2667(21)00159-6,34998485
,14559748,A,84,2.3,2003,Int J Epidemiol,"Poliovirus detection in wastewater and stools following an immunization campaign in Havana, Cuba.",10,Journal Article,True,N,,10.1093/ije/dyg185,12689998
,12777424,A,11,0.4,2003,Int J Epidemiol,Social inequalities in mortality in a retrospective cohort of civil servants in Barcelona.,5,Journal Article,True,N,,10.1093/ije/dyg076,12689998
,12777433,A,87,2.9,2003,Int J Epidemiol,The evolving pattern of avoidable mortality in Russia.,5,"Research Support, Non-U.S. Gov't; Journal Article",True,N,,10.1093/ije/dyg085,12689998
,21586151,A,17,0.9,2011,BMC Public Health,"Seroprevalence of measles and natural rubella antibodies among children in Bangui, Central African Republic.",5,"Research Support, Non-U.S. Gov't; research-article; Journal Article",True,Y,PMC3112134,10.1186/1471-2458-11-327,21658213
,21693002,A,42,2.0,2011,BMC Public Health,Suicide death and hospital-treated suicidal behaviour in asylum seekers in the Netherlands: a national registry-based study.,6,research-article; Journal Article,True,Y,PMC3151232,10.1186/1471-2458-11-484,21658213
,21592383,A,33,1.5,2011,BMC Public Health,Canada's Compassionate Care Benefit: is it an adequate public health response to addressing the issue of caregiver burden in end-of-life care?,9,"Research Support, Non-U.S. Gov't; research-article; Journal Article",True,Y,PMC3123207,10.1186/1471-2458-11-335,21658213
,12190368,B,535,13.4,2002,JAMA,"Inflammatory biomarkers, hormone replacement therapy, and incident coronary heart disease: prospective analysis from the Women's Health Initiative observational study.",10,"Research Support, U.S. Gov't, P.H.S.; Journal Article",True,N,,10.1001/jama.288.8.980,12365955
,12444864,B,873,23.4,2002,JAMA,Optimal diets for prevention of coronary heart disease.,2,"Research Support, U.S. Gov't, P.H.S.; Research Support, Non-U.S. Gov't; Review; Journal Article",False,N,,10.1001/jama.288.20.2569,12365955
,12481761,B,1,0.0,2002,JAMA,"From the Centers for Disease Control and Prevention. Progress toward global dracunculiasis eradication, June 2002.",0,Journal Article,True,N,,,12365955
,21063014,B,305,9.1,2010,JAMA,Association of adolescent obesity with risk of severe obesity in adulthood.,5,"research-article; Journal Article; Research Support, N.I.H., Extramural",True,N,PMC3076068,10.1001/jama.2010.1635,20071471
,21063015,B,28,0.7,2010,JAMA,Optimal cardiovascular prevention strategies for the 21st century.,2,Journal Article,True,N,,10.1001/jama.2010.1641,20071471
,20124545,B,2,0.1,2010,JAMA,JAMA patient page. Proteinuria.,3,Patient Education Handout; Journal Article,False,N,,10.1001/jama.303.5.470,20071471
,12594317,B,467,13.7,2003,N Engl J Med,Readability standards for informed-consent forms as compared with actual readability.,3,"Comparative Study; Research Support, U.S. Gov't, P.H.S.; Journal Article",True,N,,10.1056/NEJMsa021212,12700374
,12724487,B,29,0.7,2003,N Engl J Med,Turning the tide on the AIDS pandemic.,1,Journal Article,True,N,,10.1056/NEJMsb023052,12700374
,12646675,B,414,9.7,2003,N Engl J Med,Race and genomics.,3,Journal Article,True,N,,10.1056/NEJMsb022863,12700374
,25103507,A,47,1.8,2014,Lancet Glob Health,Rheumatic heart disease in Africa: the Mosi-o-Tunya call to action.,5,"Research Support, Non-U.S. Gov't; Journal Article",True,N,,10.1016/S2214-109X(14)70234-7,25104651
,25102841,A,33,1.9,2014,Lancet Glob Health,The international charter on prevention of fetal alcohol spectrum disorder.,3,"Conference Proceedings; Research Support, Non-U.S. Gov't",False,N,,10.1016/S2214-109X(13)70173-6,25104651
,25104635,A,58,2.1,2014,Lancet Glob Health,Outcomes of the Botswana national HIV/AIDS treatment programme from 2002 to 2010: a longitudinal analysis.,15,"Research Support, Non-U.S. Gov't; Journal Article",True,N,,10.1016/S2214-109X(13)70149-9,25104651
,26338017,B,6,0.2,2015,BMJ,Assessing the risk of diabetes.,1,Journal Article,True,N,,10.1136/bmj.h4525,25791983
,25810496,B,644,25.9,2015,BMJ,Short term exposure to air pollution and stroke: systematic review and meta-analysis.,9,"Meta-Analysis; Research Support, Non-U.S. Gov't; research-article; Systematic Review; Journal Article",True,Y,PMC4373601,10.1136/bmj.h1295,25791983
,26353785,B,0,,2015,BMJ,Michael Marmot: Evidence based optimist.,1,Interview,False,N,,10.1136/bmj.h4577,25791983
,25009309,A,29,1.3,2014,Int J Epidemiol,Health &amp; demographic surveillance system profile: The Kombewa health and demographic surveillance system (Kombewa HDSS).,11,"Research Support, Non-U.S. Gov't; research-article; Journal Article",True,N,PMC4258789,10.1093/ije/dyu139,23243115
,25183748,A,11,0.4,2015,Int J Epidemiol,Cohort Profile: The National Academy of Sciences-National Research Council Twin Registry (NAS-NRC Twin Registry).,9,"research-article; Journal Article; Research Support, N.I.H., Extramural",True,N,PMC4521123,10.1093/ije/dyu181,23243115
,23159828,A,40,1.7,2014,Int J Epidemiol,Cohort profile: the Quebec Longitudinal Study of Kindergarten Children (QLSKC).,6,"Research Support, Non-U.S. Gov't; research-article; Research Support, U.S. Gov't, Non-P.H.S.; Journal Article",True,N,PMC3937968,10.1093/ije/dys177,23243115
,19635947,B,173,4.8,2009,N Engl J Med,The new Sentinel Network--improving the evidence of medical-product safety.,6,Journal Article,True,N,,10.1056/NEJMp0905338,19339721
,19940287,B,128,3.8,2009,N Engl J Med,Australia's winter with the 2009 pandemic influenza A (H1N1) virus.,3,Journal Article,True,N,,10.1056/NEJMp0910445,19339721
,19494214,B,97,2.6,2009,N Engl J Med,The global burden of tuberculosis--combating drug resistance in difficult times.,2,Journal Article,True,N,,10.1056/NEJMp0903806,19339721
,30496090,B,0,,2018,Lancet,So-called babies without arms cases cause concern in France.,1,Journal Article,True,N,,10.1016/S0140-6736(18)32932-5,29395269
,30269877,B,54,2.7,2018,Lancet,Quantifying the burden of stillbirths before 28 weeks of completed gestational age in high-income countries: a population-based study of 19 European countries.,12,Journal Article,True,N,,10.1016/S0140-6736(18)31651-9,29395269
,30126638,B,1519,82.2,2018,Lancet,Leishmaniasis.,3,Review; Journal Article,False,N,,10.1016/S0140-6736(18)31204-2,29395269
,12124405,B,975,23.0,2002,N Engl J Med,Hepatitis B e antigen and the risk of hepatocellular carcinoma.,11,"Research Support, Non-U.S. Gov't; Journal Article",True,N,,10.1056/NEJMoa013215,11948273
,11986412,B,201,5.5,2002,N Engl J Med,Participation in research and access to experimental treatments by HIV-infected patients.,9,"Research Support, U.S. Gov't, P.H.S.; Research Support, Non-U.S. Gov't; Research Support, U.S. Gov't, Non-P.H.S.; Journal Article",True,N,,10.1056/NEJMsa011565,11948273
,12213946,B,656,16.8,2002,N Engl J Med,IgA nephropathy.,2,Review; Journal Article,False,N,,10.1056/NEJMra020109,11948273
,23541053,B,118,4.7,2013,Lancet,The unequal health of Europeans: successes and failures  of policies.,3,"Comparative Study; Research Support, Non-U.S. Gov't; Review; Journal Article",False,N,,10.1016/S0140-6736(12)62082-0,23993280
,23746781,B,224,8.9,2013,Lancet,The politics of reducing malnutrition: building commitment and accelerating progress.,6,"Research Support, Non-U.S. Gov't; Review; Journal Article",False,N,,10.1016/S0140-6736(13)60842-9,23993280
,23465425,B,5,0.2,2013,Lancet,Occasional smoking: a new campaign target in Norway.,1,Journal Article,True,N,,10.1016/S0140-6736(13)60249-4,23993280
,25540014,A,43,1.5,2015,Lancet Glob Health,The International Monetary Fund and the Ebola outbreak.,4,"Research Support, Non-U.S. Gov't; Journal Article",True,N,,10.1016/S2214-109X(14)70377-8,25103301
,24818084,A,193,8.1,2014,Lancet Glob Health,Preparedness of Tanzanian health facilities for outpatient  primary care of hypertension and diabetes: a cross-sectional  survey.,9,"Research Support, Non-U.S. Gov't; research-article; Journal Article",True,Y,PMC4013553,10.1016/S2214-109X(14)70033-6,25103301
,25304418,A,103,4.6,2014,Lancet Glob Health,Tobacco use in pregnant women: analysis of data from Demographic and Health Surveys from 54 low-income and middle-income countries.,6,Journal Article,True,N,,10.1016/S2214-109X(14)70283-9,25103301
,20924230,A,9,0.2,2010,Epidemiology,At the intersection of public-health informatics and bioinformatics: using advanced Web technologies for phylogeography.,5,"research-article; Journal Article; Research Support, N.I.H., Extramural",True,N,PMC3150210,10.1097/EDE.0b013e3181f534dd,20010215
,20010206,A,19,0.5,2010,Epidemiology,Case-control studies = odds ratios: blame the retrospective model.,1,Journal Article,True,N,,10.1097/EDE.0b013e3181c308f5,20010215
,20631621,A,9,0.3,2010,Epidemiology,Prenatal exposure to cigarette smoke and benign breast disease.,4,"Research Support, Non-U.S. Gov't; Journal Article; Research Support, N.I.H., Extramural",True,N,,10.1097/EDE.0b013e3181e9c118,20010215
,16189366,B,142,3.4,2005,JAMA,Beta2-adrenergic receptor genotype and survival among patients receiving beta-blocker therapy after an acute coronary syndrome.,6,"Research Support, U.S. Gov't, P.H.S.; Research Support, Non-U.S. Gov't; Journal Article; Research Support, N.I.H., Extramural",True,N,,10.1001/jama.294.12.1526,15840860
,16333010,B,63,1.6,2005,JAMA,"Neurologic adverse events associated with smallpox vaccination in the United States, 2002-2004.",6,"Research Support, U.S. Gov't, P.H.S.; Research Support, U.S. Gov't, Non-P.H.S.; Journal Article",True,N,,10.1001/jama.294.21.2744,15840860
,16278359,B,122,4.0,2005,JAMA,Antibiotic treatment of children with sore throat.,4,"Research Support, U.S. Gov't, P.H.S.; Journal Article",True,N,,10.1001/jama.294.18.2315,15840860
,31162068,B,2,0.1,2019,Lancet,Leveraging climate change to improve global tobacco control.,5,Journal Article,True,N,,10.1016/S0140-6736(19)30705-6,30954305
,31870498,B,20,1.2,2020,Lancet,Countering the pandemic of gender-based violence and maltreatment of young people: The Lancet Commission.,3,Journal Article,True,N,,10.1016/S0140-6736(19)33136-8,30954305
,31511196,B,261,14.6,2019,Lancet,"Malaria eradication within a generation: ambitious, achievable, and necessary.",41,Review; Journal Article,False,N,,10.1016/S0140-6736(19)31139-0,30954305
,23117780,B,241,6.4,2012,JAMA,Lifetime risk and years lived free of total cardiovascular disease.,6,"Meta-Analysis; Research Support, Non-U.S. Gov't; research-article; Journal Article; Research Support, N.I.H., Extramural",True,N,PMC3748966,10.1001/jama.2012.14312,22253363
,22253364,B,2699,108.6,2012,JAMA,"Prevalence of obesity and trends in body mass index among US children and adolescents, 1999-2010.",4,Comparative Study; research-article; Journal Article,True,N,PMC6362452,10.1001/jama.2012.40,22253363
,23268513,B,25,0.9,2012,JAMA,Opportunities to reduce childhood hunger and obesity: restructuring the Supplemental Nutrition Assistance Program (the Food Stamp Program).,3,"Research Support, Non-U.S. Gov't; Journal Article; Research Support, N.I.H., Extramural",True,N,,10.1001/jama.2012.45420,22253363
,29037525,B,1,0.0,2017,Lancet,Can the Antimicrobial Resistance Benchmark blaze a new trail?,2,Journal Article,True,N,,10.1016/S0140-6736(17)32670-3,28402827
,27814963,B,191,7.0,2017,Lancet,Interventions to close the divide for women with breast and cervical cancer between low-income and middle-income countries and high-income countries.,10,Review; Journal Article,False,N,,10.1016/S0140-6736(16)31795-0,28402827
,27760703,B,324,17.9,2017,Lancet,"The history, geography, and sociology of slums and the health problems of people who live in slums.",14,"Research Support, Non-U.S. Gov't; Review; Journal Article; Research Support, N.I.H., Extramural",False,N,,10.1016/S0140-6736(16)31650-6,28402827
,37354914,B,12,2.5,2023,Lancet,Indigenous determinants of health: a unified call for progress.,9,Journal Article,True,N,,10.1016/S0140-6736(23)01183-2,37356446
,37517424,B,28,3.7,2023,Lancet,Climate change and malaria: predictions becoming reality.,1,Journal Article,True,N,,10.1016/S0140-6736(23)01569-6,37356446
,37997105,B,20,2.0,2023,Lancet,Impact of the COVID-19 pandemic on delayed care of cardiovascular diseases in Europe: a systematic review.,8,"Research Support, Non-U.S. Gov't; Systematic Review; Journal Article",True,N,,10.1016/S0140-6736(23)02117-7,37356446
,18722851,B,91,2.4,2008,Lancet,Declining breast cancer incidence and decreased HRT use.,1,Review; Journal Article,False,N,,10.1016/S0140-6736(08)61255-6,18994664
,18988330,B,0,,2008,Lancet,On famine crimes and tragedies.,1,Journal Article,True,N,,10.1016/s0140-6736(08)61641-4,18994664
,19097277,B,6,0.1,2008,Lancet,Rights-based approaches to improve people's health in Peru.,2,Journal Article,True,N,,10.1016/S0140-6736(08)61785-7,18994664
,11055620,A,35,1.2,2000,Epidemiology,Are schizophrenia or antipsychotic drugs a risk factor for cataracts?,5,"Research Support, Non-U.S. Gov't; Journal Article",True,N,,10.1097/00001648-200011000-00002,10955408
,11055627,A,88,3.1,2000,Epidemiology,"Using meta-smoothing to estimate dose-response trends across multiple studies, with application to air pollution and daily death.",2,"Research Support, U.S. Gov't, P.H.S.; Research Support, U.S. Gov't, Non-P.H.S.; Journal Article",True,N,,10.1097/00001648-200011000-00009,10955408
,10874555,A,54,1.3,2000,Epidemiology,Second primary cancer after in situ and invasive cervical cancer.,3,"Research Support, Non-U.S. Gov't; Journal Article",True,N,,10.1097/00001648-200007000-00016,10955408
,21151346,B,12,0.3,2010,PLoS Med,A call for responsible estimation of global health.,2,"Research Support, Non-U.S. Gov't; research-article; Journal Article",True,Y,PMC2994662,10.1371/journal.pmed.1001003,20668659
,20386731,B,240,6.7,2010,PLoS Med,Association between the 2008-09 seasonal influenza vaccine and pandemic H1N1 illness during Spring-Summer 2009: four observational studies from Canada.,26,"Research Support, Non-U.S. Gov't; research-article; Journal Article",True,Y,PMC2850386,10.1371/journal.pmed.1000258,20668659
,20485482,B,6,0.2,2010,PLoS Med,Can foreign policy make a difference to health?,2,discussion; Journal Article,True,Y,PMC2867932,10.1371/journal.pmed.1000274,20668659
,12672751,B,0,,2003,JAMA,"From the Center of Disease Control and Prevention. Smallpox vaccine adverse events among civilians--United States, January 24-February 18, 2003.",0,Journal Article,True,N,,10.1001/jama.289.12.1497,12503980
,12515267,B,2,0.1,2003,JAMA,"From the Centers for Disease Control and Prevention. Invasive cervical cancer among Hispanic and non-Hispanic Women--United States, 1992-1999.",0,Journal Article,True,N,,,12503980
,14559954,B,198,3.9,2003,JAMA,Survival variability by race and ethnicity in childhood acute lymphoblastic leukemia.,4,Journal Article,True,N,,10.1001/jama.290.15.2008,12503980
,16844473,B,14,0.3,2006,Lancet,Global health funding: a glass half full?,3,Journal Article,True,N,,10.1016/S0140-6736(06)69018-1,16731270
,16488801,B,374,8.8,2006,Lancet,Comparison of primary and facilitated percutaneous coronary interventions for ST-elevation myocardial infarction: quantitative review of randomised trials.,3,Meta-Analysis; Comparative Study; Review; Journal Article,False,N,,10.1016/S0140-6736(06)68148-8,16731270
,16997650,B,9,0.2,2006,Lancet,"Reducing measles mortality, reducing child mortality.",4,Journal Article,True,N,,10.1016/S0140-6736(06)69335-5,16731270
,17954541,B,392,12.7,2007,JAMA,Conditional cash transfers for improving uptake of health interventions in low- and middle-income countries: a systematic review.,3,"Research Support, Non-U.S. Gov't; Systematic Review; Journal Article",True,N,,10.1001/jama.298.16.1900,17986697
,17392228,B,0,,2007,JAMA,A piece of my mind. Going up?,1,Journal Article,True,N,,10.1001/jama.297.12.1295,17986697
,17405969,B,171,4.5,2007,JAMA,Emergence of influenza B viruses with reduced sensitivity to neuraminidase inhibitors.,12,"Research Support, Non-U.S. Gov't; Journal Article; Research Support, N.I.H., Extramural",True,N,,10.1001/jama.297.13.1435,17986697
,27871735,B,16,0.9,2016,Lancet,Zoonotic tuberculosis in Africa: challenges and ways forward.,6,discussion; Journal Article,True,Y,PMC7135042,10.1016/S0140-6736(16)32186-9,27115820
,26603923,B,26,1.2,2016,Lancet,Antibiotics: achieving the balance between access and excess.,2,Journal Article,True,N,,10.1016/S0140-6736(15)00729-1,27115820
,26603924,B,20,0.9,2016,Lancet,National action for global gains in antimicrobial resistance.,5,Journal Article,True,N,,10.1016/S0140-6736(15)00668-6,27115820
,28302312,B,314,13.3,2017,Lancet,Cholera.,5,Review; Journal Article,False,N,,10.1016/S0140-6736(17)30559-7,28919116
,28589895,B,160,5.9,2017,Lancet,Type 2 diabetes in adolescents: a severe phenotype posing major clinical challenges and public health burden.,3,Review; Journal Article,False,N,,10.1016/S0140-6736(17)31371-5,28919116
,28689664,B,1961,79.7,2017,Lancet,"Global, regional, and national disease burden estimates of acute lower respiratory infections due to respiratory syncytial virus in young children in 2015: a systematic review and modelling study.",123,research-article; Systematic Review; Journal Article,True,Y,PMC5592248,10.1016/S0140-6736(17)30938-8,28919116
,33549170,B,33,3.7,2021,Lancet,Roll-out of the Global Burden of Animal Diseases programme.,18,"Research Support, Non-U.S. Gov't; Journal Article",True,N,,10.1016/S0140-6736(21)00189-6,34634250
,33933205,B,915,65.5,2021,Lancet,Pharmacological blood pressure lowering for primary and secondary prevention of cardiovascular disease across different levels of blood pressure: an individual participant-level data meta-analysis.,1,"Meta-Analysis; Research Support, Non-U.S. Gov't; research-article; Journal Article",True,Y,PMC8102467,10.1016/S0140-6736(21)00590-0,34634250
,34419211,B,17,0.9,2021,Lancet,The Lancet Commission on cancer and health systems: harnessing synergies to achieve solutions.,6,"Research Support, Non-U.S. Gov't; Journal Article",True,N,,10.1016/S0140-6736(21)01895-X,34634250
,16876647,B,45,1.2,2006,Lancet,Reversal of risk upon quitting smoking.,5,"Research Support, Non-U.S. Gov't; Journal Article",True,N,,10.1016/S0140-6736(06)69086-7,16980116
,17098090,B,503,17.5,2006,Lancet,Sexual behaviour in context: a global perspective.,7,"Research Support, Non-U.S. Gov't; Review; Journal Article",False,N,,10.1016/S0140-6736(06)69479-8,16980116
,16546525,B,2,0.0,2006,Lancet,Innovative financing for human development.,2,Journal Article,True,N,,10.1016/S0140-6736(06)68360-8,16980116
,29386192,B,138,5.4,2018,BMJ,Cancer risk associated with chronic diseases and disease markers: prospective cohort study.,12,"Research Support, Non-U.S. Gov't; research-article; Journal Article; Research Support, N.I.H., Extramural",True,Y,PMC5791146,10.1136/bmj.k134,30002074
,29523557,B,263,13.8,2018,BMJ,"Endovascular treatment for acute ischaemic stroke in routine clinical practice: prospective, observational cohort study (MR CLEAN Registry).",4,"Research Support, Non-U.S. Gov't; research-article; Multicenter Study; Journal Article; Observational Study",True,Y,PMC5844245,10.1136/bmj.k949,30002074
,29444881,B,65,3.1,2018,BMJ,"Ischaemic stroke, haemorrhage, and mortality in older patients with chronic kidney disease newly started on anticoagulation for atrial fibrillation: a population based study from UK primary care.",9,"Research Support, Non-U.S. Gov't; Multicenter Study; Journal Article; Observational Study",True,N,,10.1136/bmj.k342,30002074
,29496277,B,6,0.2,2018,Lancet,"Death and suffering in Eastern Ghouta, Syria: a call for action to protect civilians and health care.",13,Journal Article,True,N,,10.1016/S0140-6736(18)30527-0,30496105
,29678342,B,138,6.1,2018,Lancet,"Spending on health and HIV/AIDS: domestic health spending and development assistance in 188 countries, 1995-2015.",1,"Research Support, Non-U.S. Gov't; research-article; Journal Article",True,Y,PMC5946845,10.1016/S0140-6736(18)30698-6,30496105
,29407018,B,32,1.2,2018,Lancet,The global fight against cancer: challenges and opportunities.,2,Journal Article,True,N,,10.1016/S0140-6736(18)30156-9,30496105
,15138241,B,148,3.9,2004,JAMA,Impact of childhood vaccination on racial disparities in invasive Streptococcus pneumoniae infections.,13,"Research Support, U.S. Gov't, P.H.S.; Journal Article",True,N,,10.1001/jama.291.18.2197,15010446
,15304470,B,106,3.0,2004,JAMA,Feasibility of eliminating ocular Chlamydia trachomatis with repeat mass antibiotic treatments.,12,"Research Support, U.S. Gov't, P.H.S.; Research Support, Non-U.S. Gov't; Journal Article",True,N,,10.1001/jama.292.6.721,15010446
,15585734,B,167,4.6,2004,JAMA,Relation of body mass index in young adulthood and middle age to Medicare expenditures in older age.,11,"Research Support, U.S. Gov't, P.H.S.; Research Support, Non-U.S. Gov't; Journal Article",True,N,,10.1001/jama.292.22.2743,15010446
,11855385,B,2,0.1,2002,JAMA,"From the Centers of Disease Control and Prevention. Progress toward interrupting indigenous measles transmission--region of the Americas, January-November 2001.",0,Journal Article,True,N,,,12460094
,12413375,B,1122,31.9,2002,JAMA,Physician staffing patterns and clinical outcomes in critically ill patients: a systematic review.,6,Systematic Review; Journal Article,True,N,,10.1001/jama.288.17.2151,12460094
,12243637,B,1180,35.4,2002,JAMA,Anemia and blood transfusion in critically ill patients.,10,"Research Support, Non-U.S. Gov't; Multicenter Study; Journal Article",True,N,,10.1001/jama.288.12.1499,12460094
,16182895,B,1095,32.1,2005,Lancet,Toxin production by an emerging strain of Clostridium difficile associated with outbreaks of severe disease in North America and Europe.,8,Journal Article,True,N,,10.1016/S0140-6736(05)67420-X,16360788
,15781105,B,2844,87.8,2005,Lancet,Social determinants of health inequalities.,1,Journal Article,True,N,,10.1016/S0140-6736(05)71146-6,16360788
,15652590,B,10,0.3,2005,Lancet,Preventing hospitalisations for children.,1,Journal Article,True,N,,10.1016/S0140-6736(05)17755-1,16360788
,18207569,B,75,2.5,2008,Lancet,Maternal and child undernutrition: an urgent opportunity.,1,Journal Article,True,N,,10.1016/S0140-6736(07)61869-8,18207566
,18359074,B,46,1.5,2008,Lancet,Emergence of levofloxacin-non-susceptible Streptococcus pneumoniae and treatment for multidrug-resistant tuberculosis in children in South Africa: a cohort observational surveillance study.,15,"Research Support, U.S. Gov't, P.H.S.; Research Support, Non-U.S. Gov't; Research Support, U.S. Gov't, Non-P.H.S.; Journal Article",True,N,,10.1016/S0140-6736(08)60350-5,18207566
,18191687,B,337,11.9,2008,Lancet,"Primary, secondary, and tertiary interventions to reduce the morbidity and mortality of preterm birth.",4,Review; Journal Article,False,N,,10.1016/S0140-6736(08)60108-7,18207566
,12190369,B,97,3.4,2002,JAMA,National vehicle emissions policies and practices and declining US carbon monoxide-related mortality.,10,Journal Article,True,N,,10.1001/jama.288.8.988,11879110
,11798367,B,411,12.9,2002,JAMA,Excessive daytime sleepiness and sudden-onset sleep in Parkinson disease: a survey by the Canadian Movement Disorders Group.,6,"Research Support, Non-U.S. Gov't; Journal Article",True,N,,10.1001/jama.287.4.455,11879110
,12035789,B,3,0.1,2002,JAMA,"From the Centers for Disease Control and Prevention. Trends in deaths from systemic lupus erythematosus--United States, 1979-1998.",0,Journal Article,True,N,,,11879110
,19217976,B,10,0.4,2009,Lancet,10 years of success in addressing lymphatic filariasis.,1,Journal Article,True,N,,10.1016/S0140-6736(09)60181-1,19299006
,19700006,B,1625,47.4,2009,Lancet,Schizophrenia.,2,Review; Journal Article,False,N,,10.1016/S0140-6736(09)60995-8,19299006
,19394520,B,7,0.2,2009,Lancet,Malaria: 2 years in the fast lane.,2,Journal Article,True,N,,10.1016/S0140-6736(09)60801-1,19299006
,29253386,A,44,2.6,2017,Lancet Public Health,Effects of naloxone distribution alone or in combination with addiction treatment with or without pre-exposure prophylaxis for HIV prevention in people who inject drugs: a cost-effectiveness modelling study.,5,Evaluation Study; Journal Article,True,N,,10.1016/S2468-2667(17)30006-3,29253477
,28626828,A,307,14.1,2017,Lancet Public Health,Contribution of risk factors to excess mortality in isolated and lonely individuals: an analysis of data from the UK Biobank cohort study.,8,research-article; Journal Article,True,Y,PMC5463031,10.1016/S2468-2667(17)30075-0,29253477
,29253489,A,205,11.4,2017,Lancet Public Health,Burden of hip fracture using disability-adjusted life-years: a pooled analysis of prospective cohorts in the CHANCES consortium.,23,"Research Support, Non-U.S. Gov't; Journal Article",True,N,,10.1016/S2468-2667(17)30046-4,29253477
,22971223,A,3,0.1,2012,BMC Public Health,Remission of screen-detected metabolic syndrome and its determinants: an observational study.,5,"Research Support, Non-U.S. Gov't; research-article; Journal Article",True,Y,PMC3491000,10.1186/1471-2458-12-778,22276600
,23082728,A,5,0.2,2012,BMC Public Health,Temporal changes in geographical disparities in alcohol-attributed disease mortality before and after implementation of the alcohol tax policy in Taiwan.,2,"Research Support, Non-U.S. Gov't; research-article; Journal Article",True,Y,PMC3524768,10.1186/1471-2458-12-889,22276600
,22248011,A,56,3.0,2012,BMC Public Health,Undergraduate student drinking and related harms at an Australian university: web-based survey of a large random sample.,6,"Research Support, Non-U.S. Gov't; research-article; Journal Article",True,Y,PMC3398299,10.1186/1471-2458-12-37,22276600
,18522949,A,41,1.1,2008,Health Aff (Millwood),Massachusetts health reform implementation: major progress and future challenges.,5,"Research Support, Non-U.S. Gov't; Journal Article",True,N,,10.1377/hlthaff.27.4.w285,18474969
,18607042,A,128,4.2,2008,Health Aff (Millwood),Will China's nutrition transition overwhelm its health care system and slow economic growth?,1,research-article; Journal Article,True,N,PMC2447919,10.1377/hlthaff.27.4.1064,18474969
,18780936,A,2,0.1,2008,Health Aff (Millwood),Lessons from the field: expanding health insurance coverage one county at a time.,2,"Research Support, Non-U.S. Gov't; Journal Article",True,N,,10.1377/hlthaff.27.5.1454,18474969
,22305764,B,11,0.5,2012,Lancet,The implications of PIP are more than just cosmetic.,3,Journal Article,True,N,,10.1016/S0140-6736(12)60166-4,22818937
,22770444,B,18,0.6,2012,Lancet,Mass gatherings medicine and global health security.,9,Journal Article,True,N,,10.1016/S0140-6736(12)61073-3,22818937
,22683128,B,2211,76.2,2012,Lancet,Prediabetes: a high-risk state for diabetes development.,5,"Research Support, Non-U.S. Gov't; research-article; Review; Journal Article; Research Support, N.I.H., Extramural",False,N,PMC3891203,10.1016/S0140-6736(12)60283-9,22818937
,12244035,A,22,0.8,2002,Am J Epidemiol,Mapping disease incidence in suburban areas using remotely sensed data.,4,"Research Support, Non-U.S. Gov't; Journal Article",True,N,,10.1093/aje/kwf091,12397006
,12244037,A,14,0.5,2002,Am J Epidemiol,Assessment of digit preference in self-reported year at menopause: choice of an appropriate reference distribution.,3,"Research Support, U.S. Gov't, P.H.S.; Journal Article",True,N,,10.1093/aje/kwf059,12397006
,12117703,A,22,0.8,2002,Am J Epidemiol,Baseline cataract type and 10-year mortality in the Italian-American Case-Control Study of age-related cataract.,5,"Research Support, U.S. Gov't, P.H.S.; Research Support, Non-U.S. Gov't; Journal Article",True,N,,10.1093/aje/kwf012,12397006
,23801013,A,21,1.0,2013,Am J Epidemiol,Serial monogamy and biologic concurrency: measurement of the gaps between sexual partners to inform targeted strategies.,7,"Research Support, Non-U.S. Gov't; Journal Article",True,N,,10.1093/aje/kws467,23589584
,24049160,A,95,3.8,2013,Am J Epidemiol,"A large prospective investigation of sleep duration, weight change, and obesity in the NIH-AARP Diet and Health Study cohort.",5,"Research Support, N.I.H., Intramural; research-article; Journal Article",True,N,PMC3842900,10.1093/aje/kwt180,23589584
,24105967,A,49,1.9,2013,Am J Epidemiol,Measurement error in epidemiologic studies of air pollution based on land-use regression models.,8,"Research Support, Non-U.S. Gov't; Journal Article",True,N,,10.1093/aje/kwt127,23589584
,22510397,B,92,4.4,2012,Lancet,"The initial health-system response to the earthquake in Christchurch, New Zealand, in February, 2011.",11,"Research Support, Non-U.S. Gov't; Review; Journal Article",False,N,,10.1016/S0140-6736(12)60313-4,22682464
,22541275,B,473,15.2,2012,Lancet,Carotid intima-media thickness progression to predict cardiovascular events in the general population (the PROG-IMT collaborative project): a meta-analysis of individual participant data.,21,"Meta-Analysis; Research Support, Non-U.S. Gov't; research-article; Journal Article; Research Support, N.I.H., Extramural",True,N,PMC3918517,10.1016/S0140-6736(12)60441-3,22682464
,22717317,B,577,17.1,2012,Lancet,Risk of coronary events in people with chronic kidney disease compared with those with diabetes: a population-level cohort study.,9,"Comparative Study; Research Support, Non-U.S. Gov't; Journal Article",True,N,,10.1016/S0140-6736(12)60572-8,22682464
,28882382,B,527,27.4,2018,Lancet,Soil-transmitted helminth infections.,4,Review; Journal Article,False,N,,10.1016/S0140-6736(17)31930-X,28408086
,28314568,B,210,9.8,2017,Lancet,Health workers and the weaponisation of health care in Syria: a preliminary inquiry for The Lancet-American University of Beirut Commission on Syria.,14,Journal Article,True,N,,10.1016/S0140-6736(17)30741-9,28408086
,28589895,B,160,5.9,2017,Lancet,Type 2 diabetes in adolescents: a severe phenotype posing major clinical challenges and public health burden.,3,Review; Journal Article,False,N,,10.1016/S0140-6736(17)31371-5,28408086
,29976462,B,18,0.7,2018,Lancet,Spanish influenza redux: revisiting the mother of all pandemics.,1,Historical Article; Journal Article,False,N,,10.1016/S0140-6736(18)31360-6,29573870
,30017551,B,264,17.2,2018,Lancet,Vulnerability to snakebite envenoming: a global mapping of hotspots.,13,"Research Support, Non-U.S. Gov't; research-article; Journal Article",True,Y,PMC6115328,10.1016/S0140-6736(18)31224-8,29573870
,29496277,B,6,0.2,2018,Lancet,"Death and suffering in Eastern Ghouta, Syria: a call for action to protect civilians and health care.",13,Journal Article,True,N,,10.1016/S0140-6736(18)30527-0,29573870
,22101166,A,67,2.0,2012,Int J Epidemiol,Hypermethylation at loci sensitive to the prenatal environment is associated with increased incidence of myocardial infarction.,11,"Research Support, Non-U.S. Gov't; research-article; Multicenter Study; Randomized Controlled Trial; Journal Article",True,N,PMC3663184,10.1093/ije/dyr153,21414999
,21450681,A,36,1.6,2011,Int J Epidemiol,"Policies for alcohol restriction and their association with interpersonal violence: a time-series analysis of homicides in Cali, Colombia.",8,"Research Support, U.S. Gov't, P.H.S.; research-article; Journal Article; Research Support, N.I.H., Extramural",True,N,PMC3156368,10.1093/ije/dyr051,21414999
,20819785,A,97,3.5,2011,Int J Epidemiol,Body mass trajectories through adulthood: results from the National Longitudinal Survey of Youth 1979 Cohort (1981-2006).,3,"Research Support, Non-U.S. Gov't; Journal Article",True,N,,10.1093/ije/dyq142,21414999
,12052128,B,110,4.0,2002,JAMA,Using tobacco-industry marketing research to design more effective tobacco-control campaigns.,2,"Research Support, U.S. Gov't, P.H.S.; Journal Article",True,N,,10.1001/jama.287.22.2983,12387650
,12025821,B,4,0.2,2002,JAMA,"From the Centers for Disease Control and Prevention. Socioeconomic status of women with diabetes--United States, 2000.",0,Journal Article,True,N,,,12387650
,11965651,B,0,,2002,JAMA,"From the Centers for Disease Control and Prevention. Progress toward global eradication of poliomyelitis, 2001.",0,Journal Article,True,N,,,12387650
,17329713,A,597,20.3,2007,Am J Epidemiol,Assessing the measurement properties of neighborhood scales: from psychometrics to ecometrics.,4,"Journal Article; Research Support, N.I.H., Extramural",True,N,,10.1093/aje/kwm040,17182981
,17150983,A,96,2.9,2007,Am J Epidemiol,Conditions for bias from differential left truncation.,3,"Research Support, N.I.H., Intramural; Research Support, Non-U.S. Gov't; Multicenter Study; Research Support, U.S. Gov't, Non-P.H.S.; Journal Article; Research Support, N.I.H., Extramural",True,N,,10.1093/aje/kwk027,17182981
,17420180,A,106,4.0,2007,Am J Epidemiol,"Aging, retirement, and changes in physical activity: prospective cohort findings from the GLOBE study.",10,"Research Support, Non-U.S. Gov't; Journal Article",True,N,,10.1093/aje/kwm053,17182981
,12584377,B,686,22.9,2003,N Engl J Med,Infection control - a problem for patient safety.,1,Journal Article,True,N,,10.1056/NEJMhpr020557,12826634
,14523144,B,458,14.5,2003,N Engl J Med,"Racial, ethnic, and geographic disparities in rates of knee arthroplasty among Medicare patients.",4,"Research Support, U.S. Gov't, P.H.S.; Research Support, Non-U.S. Gov't; Journal Article",True,N,,10.1056/NEJMsa021569,12826634
,14695418,B,91,2.7,2003,N Engl J Med,Systematic identification of drugs that cause birth defects--a new opportunity.,1,Journal Article,True,N,,10.1056/NEJMsb031395,12826634
,28541385,A,351,15.8,2017,Am J Epidemiol,"Long-Term PM2.5 Exposure and Respiratory, Cancer, and Cardiovascular Mortality in Older US Adults.",4,research-article; Journal Article,True,N,PMC6915823,10.1093/aje/kwx166,28641372
,28387785,A,11,0.5,2017,Am J Epidemiol,Food Environment and Weight Change: Does Residential Mobility Matter?: The Diabetes Study of Northern California (DISTANCE).,11,"research-article; Journal Article; Research Support, N.I.H., Extramural",True,N,PMC5860196,10.1093/aje/kww167,28641372
,27941067,A,22,1.2,2017,Am J Epidemiol,Association Between Preterm Birth and Lower Adult Height in Women.,4,Journal Article,True,N,,10.1093/aje/kww116,28641372
,38310909,B,8,2.1,2024,Lancet,Harnessing tobacco harm reduction.,2,Journal Article,True,N,,10.1016/S0140-6736(24)00140-5,39096926
,39581203,B,12,1.2,2024,Lancet,Halving premature death and improving quality of life at all ages: cross-country analyses of past trends and future directions.,21,"Research Support, Non-U.S. Gov't; research-article; Journal Article",True,Y,PMC11667436,10.1016/S0140-6736(24)02417-6,39096926
,39067905,B,139,26.6,2024,Lancet,Infective endocarditis.,4,Review; Journal Article,False,N,,10.1016/S0140-6736(24)01098-5,39096926
,24286782,B,53,2.0,2013,Lancet,Framing sexual health research: adopting a broader perspective.,2,Journal Article,True,N,,10.1016/S0140-6736(13)62378-8,23727169
,23697824,B,196,6.3,2013,Lancet,"Mapping of available health research and development data: what's there, what's missing, and what role is there for a global observatory?",10,"Research Support, Non-U.S. Gov't; Journal Article",True,N,,10.1016/S0140-6736(13)61046-6,23727169
,23683625,B,0,,2013,Lancet,Susheela Singh and Jacqueline Darroch: turning research into advocacy for reproductive health.,1,Historical Article; Biography; Portrait; Journal Article,False,N,,10.1016/S0140-6736(13)61064-8,23727169
