pmid,reason
31986264,clinical features of hospitalised patients
26903338,clinical definition (sepsis)
32109013,clinical features of hospitalised patients
32171076,clinical course of hospitalised patients
32031570,clinical features of hospitalised patients
32007143,clinical features of hospitalised patients
17634462,clinical review
15385656,clinical prognosis in patients
32007145,virology and genomics
32320003,clinical features of hospitalised patients
10938048,clinical complications in patients with diabetes
15894097,treatment meta-analysis
15758010,molecular oncology
16182882,clinical definition (metabolic syndrome)
16214597,treatment meta-analysis
21067804,treatment meta-analysis
11786451,treatment meta-analysis
29307467,clinical seminar
10733371,clinical biomarker prediction
12393820,surgical trial follow-up
12490681,molecular oncology
26903337,intensive care
32437596,pathology
18463375,clinical obstetric thresholds
10793167,clinical review
31631858,clinical seminar
27156434,clinical seminar
34554658,clinical laboratory equation
11401607,clinical risk score
16360786,treatment meta-analysis
32250385,intensive care
31034380,clinical seminar
22353262,clinical seminar
19144931,surgical patient safety intervention
31806905,biology review
14667750,clinical seminar
17517853,drug safety meta-analysis
15781100,clinical treatment cohort
20483451,clinical prognosis in patients
32648899,clinical review
33753937,clinical review
21067385,clinical review
21205966,clinical prognosis in patients
17715408,surgical treatment
18669428,clinical review
11176917,clinical consensus statement
30396512,clinical seminar
12690091,virology
16855265,clinical cardiology
16106006,intensive care
12517460,treatment meta-analysis
12393819,surgical trial follow-up
23484825,treatment adverse effects
12690092,virology
22019144,treatment meta-analysis
33428867,follow-up of hospitalised patients
17192537,intensive care quality intervention
16236739,intensive care syndrome incidence
12519925,clinical review
16757721,tumour subtypes
11893790,clinical exercise testing
27887750,clinical seminar
12075054,molecular oncology
26903335,clinical criteria (sepsis)
12529460,tumour immunology
17035650,clinical cohort of cancer survivors
14999112,clinical prognostic index
12432042,clinical biomarker prediction
23992774,clinical seminar
26724178,treatment meta-analysis
19482214,treatment meta-analysis
27574741,clinical review
31178151,clinical seminar
32217556,clinical features of deceased patients
11006371,clinical review
10685714,clinical registry
11136261,molecular oncology
22356322,clinical procedure outcome
26193342,molecular oncology
16554528,genetics
20870100,clinical seminar
16391218,clinical prognosis in patients
